INSERT INTO USERS(UName) 
VALUES 
('Han'), 
('Jim'), 
('Jam'),  
('Mia'), 
('Sum'), 
('Hill'), 
('Mill'),
('Dar'),
('Rose'),
('Tess'); 

INSERT INTO EMPLOYEES(EName, Salary)
VALUES
('Homer', 1000.00),
('Marge', 800.00),
('Bart', 600.00),
('Lisa', 400.00),
('Maggie', 200.00);


INSERT INTO SHOPS(SName)
VALUES
('Hello'),
('Panda'),
('Karousell'),
('Lahada'),
('Deli');

INSERT INTO PRODUCTS(PName, Maker, Category) 
VALUES
('iPhoneX', 'Apple', 'Mobile'),
('iPhone13', 'Apple', 'Mobile'),
('iPad', 'Apple', 'Tablet'),
('iPadAir', 'Apple', 'Tablet'),
('S22', 'Samsung', 'Mobile'),
('GalaxyZFlip', 'Samsung', 'Mobile'),
('GalaxyZFold', 'Samsung', 'Mobile'),
('GalaxyTab', 'Samsung', 'Tablet');

INSERT INTO ORDERS(Date_time, Shipping_address, UserID) 
VALUES  
('2021-08-01 22:11:44', 'jurong west st 11', 1), 
('2021-08-02 22:11:44','jurong east st 21', 2), 
('2021-08-03 22:11:44','jurong north st 31', 3), 
('2021-08-04 22:11:44','changi road ave 55', 4), 
('2021-08-31 22:11:44','puggol field', 5);

INSERT INTO COMPLAINTS(Complaint_status, Complaint_text, Filed_date_time, UserID, EmployeeID)
VALUES
('addressed', 'I received the wrong product.', '2022-01-01 13:23:44', 1, 1),
('addressed', 'Said there got free gift, but where?', '2022-01-01 15:23:44', 4, 2),
('addressed', 'Phone screen is cracked.', '2022-01-02 08:23:44', 5, 3),
('addressed', 'Phone case is scratched and damaged.', '2022-01-02 10:23:44', 2, 4),
('addressed', 'Camera not working.', '2022-01-03 11:23:44', 3, 1),
('addressed', 'Fingerprint sensor is not working.', '2022-01-03 18:23:44', 1, 2),
('addressed', 'Phone charger is missing.', '2022-01-04 14:23:44', 5, 3),
('addressed', 'Why are your products so expensive?', '2022-01-04 19:23:44', 1, 4),
('addressed', 'Your products are used and not new.', '2022-01-05 08:23:44', 2, 1),
('addressed', 'Seller very rude and impatient.', '2022-01-05 12:23:44', 5, 2),
('being handled', 'Seller takes a long time to respond.', '2022-01-06 13:23:44', 3, 5),
('pending', 'Your products are not original.', '2022-01-07 19:23:44', 2, NULL);

INSERT INTO COMPLAINTS_ON_ORDERS(ComplaintID, OrderID)
VALUES
(1, 2),
(2, 3),
(3, 5),
(4, 1),
(5, 1),
(6, 3),
(7, 4);

INSERT INTO COMPLAINTS_ON_SHOPS(ComplaintID, SName)
VALUES
(8, 'Hello'),
(9, 'Panda'),
(10, 'Hello'),
(11, 'Karousell'),
(12, 'Hello');

INSERT INTO PRODUCTS_IN_SHOPS_2(SPrice, SQuantity)
VALUES
(25.00, 10),
(37.00, 21),
(40.00, 9),
(36.00, 11),
(45.00, 7),
(28.00, 10),
(47.00, 6),
(35.00, 12),
(40.00, 20),
(60.00, 18);

INSERT INTO PRODUCTS_IN_SHOPS_1(PName, SName, SPID)
VALUES
('iPhoneX', 'Hello', 1),
('iPhone13', 'Hello', 2),
('S22', 'Hello', 3),
('GalaxyZFlip', 'Hello', 4),
('GalaxyZFold', 'Hello', 5),
('GalaxyTab', 'Hello', 6),
('iPhoneX', 'Panda', 1),
('iPhone13', 'Panda', 2),
('iPadAir', 'Panda', 3),
('S22', 'Panda', 4),
('GalaxyTab', 'Panda', 5),
('iPhoneX', 'Karousell', 1),
('iPhone13', 'Karousell', 2),
('iPad', 'Karousell', 3),
('S22', 'Karousell', 4),
('GalaxyZFlip', 'Karousell', 5),
('GalaxyTab', 'Karousell', 6)
('iPhone13', 'Lahada', 2),
('iPad', 'Lahada', 3),
('S22', 'Lahada', 2),
('GalaxyZFlip', 'Lahada', 4),
('GalaxyTab', 'Lahada', 10),
('iPhone13', 'Deli', 2),
('S22', 'Deli', 3),
('GalaxyZFlip', 'Deli', 4),
('GalaxyZFold', 'Deli', 5);


INSERT INTO PRICE_HISTORY(P_start_date, P_end_date, PName, SName, Price)
VALUES
('2021-08-01 11:10:11', '2021-08-11 11:10:11', 'iPhoneX', 'Hello', 27.00),
('2021-08-12 11:10:11', '2021-08-25 11:10:11', 'iPhoneX', 'Hello', 30.00),
('2021-08-25 11:10:11', '2021-08-30 11:10:11', 'iPhoneX', 'Hello', 28.00),
('2021-08-30 11:10:11', '2021-08-31 11:10:11', 'iPhoneX', 'Hello', 32.00),
('2021-08-01 11:10:11', '2021-08-11 11:10:11', 'iPhone13', 'Hello', 25.00),
('2021-08-12 11:10:11', '2021-08-25 11:10:11', 'iPhone13', 'Hello', 30.00),
('2021-08-25 11:10:11', '2021-08-30 11:10:11', 'iPhone13', 'Hello', 27.00),
('2021-08-30 11:10:11', '2021-08-31 11:10:11', 'iPhone13', 'Hello', 30.00),
('2021-08-01 11:10:11', '2021-08-11 11:10:11', 'GalaxyZFlip', 'Hello', 30.00),
('2021-08-12 11:10:11', '2021-08-25 11:10:11', 'GalaxyZFlip', 'Hello', 25.00),
('2021-08-25 11:10:11', '2021-08-30 11:10:11', 'GalaxyZFlip', 'Hello', 27.00),
('2021-08-30 11:10:11', '2021-08-31 11:10:11', 'GalaxyZFlip', 'Hello', 32.00),
('2021-08-01 11:10:11', '2021-08-11 11:10:11', 'iPhoneX', 'Panda', 30.00),
('2021-08-12 11:10:11', '2021-08-25 11:10:11', 'iPhoneX', 'Panda', 28.00),
('2021-08-25 11:10:11', '2021-08-30 11:10:11', 'iPhoneX', 'Panda', 26.00),
('2021-08-30 11:10:11', '2021-08-31 11:10:11', 'iPhoneX', 'Panda', 30.00),
('2021-08-01 11:10:11', '2021-08-11 11:10:11', 'iPadAir', 'Panda', 30.00),
('2021-08-12 11:10:11', '2021-08-25 11:10:11', 'iPadAir', 'Panda', 32.00),
('2021-08-25 11:10:11', '2021-08-30 11:10:11', 'iPadAir', 'Panda', 36.00),
('2021-08-30 11:10:11', '2021-08-31 11:10:11', 'iPadAir', 'Panda', 30.00),
('2021-08-01 11:10:11', '2021-08-11 11:10:11', 'iPhoneX', 'Karousell', 28.00),
('2021-08-12 11:10:11', '2021-08-25 11:10:11', 'iPhoneX', 'Karousell', 30.00),
('2021-08-25 11:10:11', '2021-08-30 11:10:11', 'iPhoneX', 'Karousell', 32.00),
('2021-08-30 11:10:11', '2021-08-31 11:10:11', 'iPhoneX', 'Karousell', 26.00),
('2021-08-01 11:10:11', '2021-08-11 11:10:11', 'GalaxyTab', 'Karousell', 36.00),
('2021-08-12 11:10:11', '2021-08-25 11:10:11', 'GalaxyTab', 'Karousell', 30.00),
('2021-08-25 11:10:11', '2021-08-30 11:10:11', 'GalaxyTab', 'Karousell', 32.00),
('2021-08-30 11:10:11', '2021-08-31 11:10:11', 'GalaxyTab', 'Karousell', 34.00),
('2021-08-01 11:10:11', '2021-08-11 11:10:11', 'iPad', 'Lahada', 28.00),
('2021-08-12 11:10:11', '2021-08-25 11:10:11', 'iPad', 'Lahada', 40.00),
('2021-08-25 11:10:11', '2021-08-30 11:10:11', 'iPad', 'Lahada', 36.00),
('2021-08-30 11:10:11', '2021-08-31 11:10:11', 'iPad', 'Lahada', 28.00),
('2021-08-01 11:10:11', '2021-08-11 11:10:11', 'S22', 'Lahada', 36.00),
('2021-08-12 11:10:11', '2021-08-25 11:10:11', 'S22', 'Lahada', 34.00),
('2021-08-25 11:10:11', '2021-08-30 11:10:11', 'S22', 'Lahada', 32.00),
('2021-08-30 11:10:11', '2021-08-31 11:10:11', 'S22', 'Lahada', 36.00),
('2021-08-01 11:10:11', '2021-08-11 11:10:11', 'iPhone13', 'Deli', 30.00),
('2021-08-12 11:10:11', '2021-08-25 11:10:11', 'iPhone13', 'Deli, 34.00),
('2021-08-25 11:10:11', '2021-08-30 11:10:11', 'iPhone13', 'Deli', 32.00),
('2021-08-30 11:10:11', '2021-08-31 11:10:11', 'iPhone13', 'Deli', 28.00),
('2021-08-01 11:10:11', '2021-08-11 11:10:11', 'GalaxyZFold', 'Deli', 36.00),
('2021-08-12 11:10:11', '2021-08-25 11:10:11', 'GalaxyZFold', 'Deli', 30.00),
('2021-08-25 11:10:11', '2021-08-30 11:10:11', 'GalaxyZFold', 'Deli', 32.00),
('2021-08-30 11:10:11', '2021-08-31 11:10:11', 'GalaxyZFold', 'Deli', 34.00),;

INSERT INTO HANDLED(ComplaintID, EmployeeID, Handled_date_time)
VALUES
(1, 1, '2022-01-02 12:00:00'),
(2, 2, '2022-01-03 12:00:00'),
(3, 3, '2022-01-04 12:00:00'),
(4, 4, '2022-01-04 12:00:00'),
(5, 1, '2022-01-05 12:00:00'),
(6, 2, '2022-01-04 12:00:00'),
(7, 3, '2022-01-06 12:00:00'),
(8, 4, '2022-01-05 12:00:00'),
(9, 1, '2022-01-07 12:00:00'),
(10, 2, '2022-01-07 12:00:00');

INSERT INTO ORDERS(Date_time,Shipping_Address,UserID) VALUES
 ('2021-06-01 12:30:00','267C Punggol Field',1)
,('2021-06-02 12:30:00','267C Punggol Field',1)
,('2021-06-03 12:30:00','267C Punggol Field',1)
,('2021-06-04 12:30:00','267C Punggol Field',1)
,('2021-06-05 12:30:00','267C Punggol Field',1)
,('2021-06-06 12:30:00','267C Punggol Field',1)
,('2021-06-07 12:30:00','267C Punggol Field',1)
,('2021-06-08 12:30:00','267C Punggol Field',1)
,('2021-06-08 12:30:00','2 Battery Road',8)
,('2021-06-09 12:30:00','267C Punggol Field',1)
,('2021-06-09 12:30:00','2 Battery Road',8)
,('2021-06-10 12:30:00','267C Punggol Field',1)
,('2021-06-10 12:30:00','2 Battery Road',8)
,('2021-06-11 12:30:00','267C Punggol Field',1)
,('2021-06-11 12:30:00','279 Balestier Road',8)
,('2021-06-12 12:30:00','267C Punggol Field',1)
,('2021-06-12 12:30:00','279 Balestier Road',8)
,('2021-06-13 12:30:00','267C Punggol Field',1)
,('2021-06-13 12:30:00','279 Balestier Road',8)
,('2021-06-14 12:30:00','141 Cecil Rd',8)
,('2021-06-14 12:30:00','279 Balestier Road',8)
,('2021-06-15 12:30:00','141 Cecil Rd',8)
,('2021-06-15 12:30:00','279 Balestier Road',8)
,('2021-06-16 12:30:00','141 Cecil Rd',8)
,('2021-06-16 12:30:00','279 Balestier Road',8)
,('2021-06-17 12:30:00','141 Cecil Rd',8)
,('2021-06-18 12:30:00','141 Cecil Rd',8)
,('2021-06-19 12:30:00','141 Cecil Rd',8)
,('2021-06-20 12:30:00','141 Cecil Rd',8)
,('2021-06-21 12:30:00','141 Cecil Rd',8)
,('2021-06-22 12:30:00','141 Cecil Rd',8)
,('2021-06-23 12:30:00','141 Cecil Rd',8)
,('2021-06-24 12:30:00','141 Cecil Rd',8)
,('2021-06-25 12:30:00','141 Cecil Rd',8)
,('2021-06-26 12:30:00','141 Cecil Rd',8)
,('2021-06-27 12:30:00','141 Cecil Rd',8)
,('2021-06-28 12:30:00','141 Cecil Rd',8)
,('2021-06-29 12:30:00','141 Cecil Rd',8)
,('2021-06-30 12:30:00','2 Battery Road',8)
,('2021-07-01 12:30:00','2 Battery Road',8)
,('2021-07-01 12:30:00','2 Battery Road',8)
,('2021-07-02 12:30:00','Block 202 Bedok North Street 1',1)
,('2021-07-03 12:30:00','Block 202 Bedok North Street 2',1)
,('2021-07-04 12:30:00','Block 202 Bedok North Street 3',1)
,('2021-07-05 12:30:00','Block 202 Bedok North Street 4',1)
,('2021-07-06 12:30:00','Block 202 Bedok North Street 5',2)
,('2021-07-07 12:30:00','Block 202 Bedok North Street 6',2)
,('2021-07-08 12:30:00','Block 202 Bedok North Street 7',2)
,('2021-07-09 12:30:00','Block 202 Bedok North Street 8',2)
,('2021-07-10 12:30:00','Block 202 Bedok North Street 9',2)
,('2021-07-11 12:30:00','Block 202 Bedok North Street 10',2)
,('2021-07-12 12:30:00','Block 202 Bedok North Street 11',2)
,('2021-07-13 12:30:00','58 Duchess Avenue',2)
,('2021-07-14 12:30:00','58 Duchess Avenue',2)
,('2021-07-15 12:30:00','58 Duchess Avenue',3)
,('2021-07-16 12:30:00','58 Duchess Avenue',3)
,('2021-07-17 12:30:00','333 Orchard Rd',3)
,('2021-07-18 12:30:00','333 Orchard Rd',3)
,('2021-07-19 12:30:00','333 Orchard Rd',3)
,('2021-07-20 12:30:00','333 Orchard Rd',3)
,('2021-07-21 12:30:00','58 Duchess Avenue',3)
,('2021-07-22 12:30:00','58 Duchess Avenue',3)
,('2021-07-23 12:30:00','58 Duchess Avenue',3)
,('2021-07-24 12:30:00','58 Duchess Avenue',3)
,('2021-07-25 12:30:00','58 Duchess Avenue',3)
,('2021-07-26 12:30:00','58 Duchess Avenue',3)
,('2021-07-27 12:30:00','58 Duchess Avenue',4)
,('2021-07-28 12:30:00','58 Duchess Avenue',4)
,('2021-07-29 12:30:00','58 Duchess Avenue',4)
,('2021-07-30 12:30:00','Block 202 Bedok North Street 11',4)
,('2021-08-01 12:30:00','2 Battery Road',8)
,('2021-08-02 12:30:00','2 Battery Road',8)
,('2021-08-03 12:30:00','2 Battery Road',8)
,('2021-08-04 12:30:00','2 Battery Road',8)
,('2021-08-05 12:30:00','2 Battery Road',8)
,('2021-08-06 12:30:00','2 Battery Road',8)
,('2021-08-07 12:30:00','2 Battery Road',8)
,('2021-08-10 12:30:00','58 Duchess Avenue',9)
,('2021-08-11 12:30:00','58 Duchess Avenue',9)
,('2021-08-12 12:30:00','58 Duchess Avenue',9)
,('2021-08-13 12:30:00','58 Duchess Avenue',9)
,('2021-08-14 12:30:00','58 Duchess Avenue',9)
,('2021-08-17 12:30:00','279 Balestier Road',8)
,('2021-08-18 12:30:00','279 Balestier Road',8)
,('2021-08-19 12:30:00','279 Balestier Road',8)
,('2021-08-20 12:30:00','279 Balestier Road',8)
,('2021-08-20 12:30:00','6 Cairnhill Rise',7)
,('2021-08-21 12:30:00','279 Balestier Road',8)
,('2021-08-21 12:30:00','6 Cairnhill Rise',7)
,('2021-08-22 12:30:00','279 Balestier Road',8)
,('2021-08-22 12:30:00','6 Cairnhill Rise',7)
,('2021-08-23 12:30:00','Block 202 Bedok North Street 1',8)
,('2021-08-23 12:30:00','6 Cairnhill Rise',7)
,('2021-08-24 12:30:00','Block 202 Bedok North Street 1',8)
,('2021-08-24 12:30:00','252 North Bridge Rd',7)
,('2021-08-25 12:30:00','Block 202 Bedok North Street 1',8)
,('2021-08-25 12:30:00','252 North Bridge Rd',7)
,('2021-08-26 12:30:00','Block 202 Bedok North Street 1',8)
,('2021-08-26 12:30:00','252 North Bridge Rd',7)
,('2021-08-27 12:30:00','Block 202 Bedok North Street 1',8)
,('2021-08-27 12:30:00','252 North Bridge Rd',6)
,('2021-08-28 12:30:00','Block 202 Bedok North Street 1',8)
,('2021-08-28 12:30:00','252 North Bridge Rd',6)
,('2021-08-29 12:30:00','58 Duchess Avenue',8)
,('2021-08-29 12:30:00','58 Duchess Avenue',6)
,('2021-08-30 12:30:00','58 Duchess Avenue',8)
,('2021-08-30 12:30:00','58 Duchess Avenue',6)
,('2021-08-31 12:30:00','58 Duchess Avenue',8)
,('2021-08-31 12:30:00','58 Duchess Avenue',8)
,('2021-08-31 12:30:00','58 Duchess Avenue',8)
,('2021-08-31 12:30:00','58 Duchess Avenue',8)
,('2021-08-31 12:30:00','58 Duchess Avenue',8)
,('2021-08-31 12:30:00','58 Duchess Avenue',8)
,('2021-08-31 12:30:00','58 Duchess Avenue',8)
,('2021-08-31 12:30:00','58 Duchess Avenue',8)
,('2021-08-31 12:30:00','58 Duchess Avenue',8)
,('2021-08-31 12:30:00','58 Duchess Avenue',8)
,('2021-08-31 12:30:00','58 Duchess Avenue',8)
,('2021-08-31 12:30:00','58 Duchess Avenue',8)
,('2021-08-31 12:30:00','58 Duchess Avenue',8)
,('2021-08-31 12:30:00','58 Duchess Avenue',8)
,('2021-08-31 12:30:00','58 Duchess Avenue',8)
,('2021-08-31 12:30:00','58 Duchess Avenue',8)
,('2021-08-31 12:30:00','58 Duchess Avenue',8)
,('2021-08-31 12:30:00','58 Duchess Avenue',8)
,('2021-08-31 12:30:00','6 Cairnhill Rise',8)
,('2021-08-31 12:30:00','6 Cairnhill Rise',8)
,('2021-08-31 12:30:00','6 Cairnhill Rise',8)
,('2021-08-31 12:30:00','6 Cairnhill Rise',8)
,('2021-08-31 12:30:00','6 Cairnhill Rise',8)
,('2021-08-31 12:30:00','6 Cairnhill Rise',8)
,('2021-08-31 12:30:00','6 Cairnhill Rise',8)
,('2021-08-31 12:30:00','6 Cairnhill Rise',8)
,('2021-08-31 12:30:00','6 Cairnhill Rise',8)
,('2021-08-31 12:30:00','6 Cairnhill Rise',8)
,('2021-08-31 12:30:00','6 Cairnhill Rise',8)
,('2021-08-31 12:30:00','6 Cairnhill Rise',8)
,('2021-08-31 12:30:00','6 Cairnhill Rise',8)
,('2021-08-31 12:30:00','6 Cairnhill Rise',8)
,('2021-08-31 12:30:00','6 Cairnhill Rise',8)
,('2021-08-31 12:30:00','6 Cairnhill Rise',8)
,('2021-08-31 12:30:00','6 Cairnhill Rise',8)
,('2021-08-31 12:30:00','6 Cairnhill Rise',8)
,('2021-08-31 12:30:00','6 Cairnhill Rise',8)
,('2021-08-31 12:30:00','6 Cairnhill Rise',8)
,('2021-08-31 12:30:00','252 North Bridge Rd',8)
,('2021-08-31 12:30:00','252 North Bridge Rd',8)
,('2021-08-31 12:30:00','252 North Bridge Rd',8)
,('2021-08-31 12:30:00','252 North Bridge Rd',8)
,('2021-08-31 12:30:00','252 North Bridge Rd',8)
,('2021-08-31 12:30:00','252 North Bridge Rd',8)
,('2021-08-31 12:30:00','252 North Bridge Rd',8)
,('2021-08-31 12:30:00','252 North Bridge Rd',8)
,('2021-08-31 12:30:00','252 North Bridge Rd',8)
,('2021-08-31 12:30:00','252 North Bridge Rd',8)
,('2021-08-31 12:30:00','252 North Bridge Rd',8)
,('2021-08-31 12:30:00','333 Orchard Rd',8)
,('2021-08-31 12:30:00','333 Orchard Rd',8)
,('2021-08-31 12:30:00','333 Orchard Rd',8)
,('2021-08-31 12:30:00','333 Orchard Rd',8)
,('2021-08-31 12:30:00','333 Orchard Rd',8)
,('2021-08-31 12:30:00','333 Orchard Rd',8)
,('2021-08-31 12:30:00','333 Orchard Rd',8)
,('2021-08-31 12:30:00','333 Orchard Rd',8)
,('2021-08-31 12:30:00','333 Orchard Rd',8)
,('2021-08-31 12:30:00','333 Orchard Rd',8)
,('2021-08-31 12:30:00','333 Orchard Rd',8)
,('2021-08-31 12:30:00','333 Orchard Rd',8)
,('2021-08-31 12:30:00','333 Orchard Rd',8)
,('2021-08-31 12:30:00','333 Orchard Rd',8)
,('2021-08-31 12:30:00','333 Orchard Rd',8)
,('2021-08-31 12:30:00','333 Orchard Rd',8)
,('2021-08-31 12:30:00','333 Orchard Rd',8)
,('2021-08-31 12:30:00','333 Orchard Rd',8)
,('2021-08-31 12:30:00','333 Orchard Rd',8)
,('2021-08-31 12:30:00','53A Amoy Street',8)
,('2021-08-31 12:30:00','53A Amoy Street',8)
,('2021-08-31 12:30:00','53A Amoy Street',8)
,('2021-08-31 12:30:00','53A Amoy Street',8)
,('2021-08-31 12:30:00','53A Amoy Street',8)
,('2021-08-31 12:30:00','53A Amoy Street',8)
,('2021-08-31 12:30:00','53A Amoy Street',8)
,('2021-08-31 12:30:00','53A Amoy Street',8)
,('2021-08-31 12:30:00','53A Amoy Street',8)
,('2021-08-31 12:30:00','58 Duchess Avenue',9)
,('2021-09-01 12:30:00','59 Duchess Avenue',9)
,('2021-09-02 12:30:00','59 Duchess Avenue',9)
,('2021-09-03 12:30:00','59 Duchess Avenue',9)
,('2021-09-04 12:30:00','59 Duchess Avenue',9)
,('2021-09-05 12:30:00','59 Duchess Avenue',9)
,('2021-09-06 12:30:00','59 Duchess Avenue',9)
,('2021-09-07 12:30:00','59 Duchess Avenue',9)
,('2021-09-08 12:30:00','59 Duchess Avenue',9)
,('2021-09-09 12:30:00','59 Duchess Avenue',9)
,('2021-09-10 12:30:00','59 Duchess Avenue',9)
,('2021-10-01 12:30:00','333 Orchard Rd',4)
,('2021-10-02 12:30:00','333 Orchard Rd',4)
,('2021-10-03 12:30:00','333 Orchard Rd',4)
,('2021-10-04 12:30:00','333 Orchard Rd',4)
,('2021-10-05 12:30:00','333 Orchard Rd',4)
,('2021-10-06 12:30:00','333 Orchard Rd',4)
,('2021-10-07 12:30:00','333 Orchard Rd',4)
,('2021-10-08 12:30:00','333 Orchard Rd',4)
,('2021-10-09 12:30:00','333 Orchard Rd',4)
,('2021-10-10 12:30:00','333 Orchard Rd',4)
,('2021-11-01 12:30:00','59 Duchess Avenue',6)
,('2021-11-02 12:30:00','60 Duchess Avenue',6)
,('2021-11-03 12:30:00','61 Duchess Avenue',6)
,('2021-11-04 12:30:00','62 Duchess Avenue',6)
,('2021-11-05 12:30:00','63 Duchess Avenue',6)
,('2021-11-06 12:30:00','64 Duchess Avenue',6)
,('2021-11-07 12:30:00','65 Duchess Avenue',6)
,('2021-11-08 12:30:00','66 Duchess Avenue',6)
,('2021-11-09 12:30:00','67 Duchess Avenue',6)
,('2021-11-10 12:30:00','68 Duchess Avenue',6);


INSERT INTO PRODUCTS_IN_ORDERS(Order_status,OPrice,OQuantity,Delivery_date,OrderID,PName,SName) VALUES
 ('delivered',74,2,'2021-06-22 22:30:00',6,'iPad','Panda')
,('delivered',74,2,'2021-06-23 22:30:00',6,'iPad','Panda')
,('delivered',74,2,'2021-06-24 22:30:00',6,'iPad','Panda')
,('delivered',74,2,'2021-06-25 22:30:00',6,'iPad','Panda')
,('delivered',74,2,'2021-06-26 22:30:00',6,'iPad','Panda')
,('delivered',74,2,'2021-06-27 22:30:00',6,'iPad','Panda')
,('delivered',74,2,'2021-06-28 22:30:00',7,'iPad','Panda')
,('delivered',74,2,'2021-06-29 22:30:00',7,'iPhoneX','Panda')
,('delivered',74,2,'2021-06-30 22:30:00',7,'iPhoneX','Panda')
,('delivered',74,2,'2021-07-01 22:30:00',7,'iPhoneX','Panda')
,('delivered',74,2,'2021-07-02 22:30:00',7,'iPhoneX','Panda')
,('delivered',74,2,'2021-07-03 22:30:00',8,'iPhoneX','Panda')
,('delivered',74,2,'2021-07-04 22:30:00',8,'iPhoneX','Panda')
,('delivered',74,2,'2021-07-05 22:30:00',8,'GalaxyZFlip','Panda')
,('delivered',74,2,'2021-07-06 22:30:00',8,'GalaxyZFlip','Panda')
,('delivered',74,2,'2021-07-07 22:30:00',8,'GalaxyZFlip','Panda')
,('delivered',74,2,'2021-07-08 22:30:00',8,'GalaxyZFlip','Panda')
,('delivered',74,2,'2021-07-09 22:30:00',8,'GalaxyZFlip','Panda')
,('delivered',74,2,'2021-07-10 22:30:00',8,'GalaxyZFlip','Panda')
,('shipped',75,3,'2021-07-11 22:30:00',5,'iPhoneX','Hello')
,('shipped',75,3,'2021-07-12 22:30:00',6,'iPhoneX','Hello')
,('shipped',75,3,'2021-07-13 22:30:00',7,'iPhoneX','Hello')
,('shipped',75,3,'2021-07-14 22:30:00',8,'iPhoneX','Hello')
,('shipped',75,3,'2021-07-15 22:30:00',9,'iPhoneX','Hello')
,('shipped',75,3,'2021-07-16 22:30:00',10,'iPhoneX','Hello')
,('shipped',75,3,'2021-07-17 22:30:00',11,'iPhoneX','Hello')
,('shipped',75,3,'2021-07-18 22:30:00',12,'iPhoneX','Hello')
,('shipped',75,3,'2021-07-19 22:30:00',13,'iPhoneX','Hello')
,('shipped',75,3,'2021-07-20 22:30:00',14,'iPhoneX','Hello')
,('shipped',75,3,'2021-07-21 22:30:00',15,'iPhoneX','Hello')
,('shipped',75,3,'2021-07-22 22:30:00',16,'iPhoneX','Hello')
,('shipped',75,3,'2021-07-23 22:30:00',17,'iPhoneX','Hello')
,('shipped',75,3,'2021-07-24 22:30:00',18,'iPhoneX','Hello')
,('shipped',75,3,'2021-07-25 22:30:00',19,'iPhoneX','Hello')
,('shipped',75,3,'2021-07-26 22:30:00',20,'iPhoneX','Hello')
,('shipped',75,3,'2021-07-27 22:30:00',21,'iPhoneX','Hello')
,('shipped',75,3,'2021-07-28 22:30:00',22,'iPhoneX','Hello')
,('shipped',75,3,'2021-07-29 22:30:00',23,'iPhoneX','Hello')
,('being processed',75,3,'2021-07-30 22:30:00',24,'iPhoneX','Hello')
,('being processed',75,3,'2021-07-31 22:30:00',25,'iPhoneX','Hello')
,('being processed',75,3,'2021-08-01 22:30:00',26,'iPhoneX','Hello')
,('being processed',75,3,'2021-08-02 22:30:00',27,'iPhoneX','Hello')
,('being processed',75,3,'2021-08-03 22:30:00',28,'iPhoneX','Hello')
,('being processed',90,3,'2021-08-04 22:30:00',29,'iPhoneX','Hello')
,('being processed',90,3,'2021-08-05 22:30:00',30,'iPhoneX','Hello')
,('being processed',75,3,'2021-08-06 22:30:00',31,'iPhoneX','Hello')
,('being processed',75,3,'2021-08-07 22:30:00',32,'iPhoneX','Hello')
,('being processed',75,3,'2021-08-08 22:30:00',33,'iPhoneX','Hello')
,('being processed',75,3,'2021-08-09 22:30:00',34,'iPhoneX','Hello')
,('being processed',75,3,'2021-08-10 22:30:00',35,'iPhoneX','Hello')
,('being processed',75,3,'2021-08-11 22:30:00',36,'iPhoneX','Hello')
,('being processed',75,3,'2021-08-12 22:30:00',37,'iPhoneX','Hello')
,('being processed',75,3,'2021-08-13 22:30:00',38,'iPhoneX','Hello')
,('being processed',75,3,'2021-08-14 22:30:00',39,'iPhoneX','Hello')
,('being processed',75,3,'2021-08-15 22:30:00',40,'iPhoneX','Hello')
,('being processed',75,3,'2021-08-16 22:30:00',41,'iPhoneX','Hello')
,('being processed',75,3,'2021-08-17 22:30:00',42,'iPhoneX','Hello')
,('being processed',75,3,'2021-08-18 22:30:00',43,'iPhoneX','Hello')
,('being processed',75,3,'2021-08-19 22:30:00',44,'iPhoneX','Hello')
,('being processed',75,1,'2021-08-20 22:30:00',45,'iPhoneX','Hello')
,('being processed',75,1,'2021-08-21 22:30:00',46,'iPhoneX','Hello')
,('being processed',75,1,'2021-08-22 22:30:00',47,'iPhoneX','Hello')
,('being processed',75,1,'2021-08-23 22:30:00',48,'iPad','Karousell')
,('being processed',75,1,'2021-08-24 22:30:00',49,'iPad','Karousell')
,('being processed',75,1,'2021-08-25 22:30:00',50,'iPad','Karousell')
,('being processed',75,1,'2021-08-26 22:30:00',51,'iPad','Karousell')
,('being processed',75,1,'2021-08-27 22:30:00',52,'iPad','Karousell')
,('being processed',75,1,'2021-08-28 22:30:00',53,'iPad','Karousell')
,('being processed',75,1,'2021-08-29 22:30:00',54,'iPad','Karousell')
,('being processed',75,1,'2021-08-30 22:30:00',55,'iPad','Karousell')
,('being processed',75,1,'2021-08-31 22:30:00',56,'iPad','Karousell')
,('being processed',75,1,'2021-09-01 22:30:00',57,'iPad','Karousell')
,('being processed',75,1,'2021-09-02 22:30:00',58,'iPad','Karousell')
,('being processed',75,1,'2021-09-03 22:30:00',59,'iPad','Karousell')
,('being processed',75,1,'2021-09-04 22:30:00',60,'iPad','Karousell')
,('being processed',75,1,'2021-09-05 22:30:00',61,'iPad','Karousell')
,('being processed',75,1,'2021-09-06 22:30:00',62,'iPad','Karousell')
,('being processed',75,1,'2021-09-07 22:30:00',63,'iPad','Karousell')
,('being processed',75,1,'2021-09-08 22:30:00',64,'iPad','Karousell')
,('being processed',75,1,'2021-09-09 22:30:00',65,'iPad','Karousell')
,('being processed',75,1,'2021-09-10 22:30:00',66,'iPad','Karousell')
,('being processed',75,1,'2021-09-11 22:30:00',67,'iPad','Karousell')
,('being processed',75,1,'2021-09-12 22:30:00',68,'iPad','Karousell')
,('being processed',75,1,'2021-09-13 22:30:00',69,'iPad','Karousell')
,('being processed',120,1,'2021-09-14 22:30:00',70,'iPad','Karousell')
,('being processed',120,1,'2021-09-15 22:30:00',71,'iPad','Karousell')
,('being processed',75,1,'2021-09-16 22:30:00',72,'iPadAir','Karousell')
,('being processed',75,1,'2021-09-17 22:30:00',73,'iPadAir','Karousell')
,('being processed',75,1,'2021-09-18 22:30:00',74,'iPadAir','Karousell')
,('being processed',75,1,'2021-09-19 22:30:00',75,'iPadAir','Karousell')
,('being processed',75,3,'2021-09-20 22:30:00',76,'iPad','Karousell')
,('being processed',75,3,'2021-09-21 22:30:00',77,'iPad','Karousell')
,('being processed',75,3,'2021-09-22 22:30:00',78,'iPad','Karousell')
,('being processed',75,3,'2021-09-23 22:30:00',79,'iPad','Karousell')
,('being processed',75,3,'2021-09-24 22:30:00',80,'iPad','Karousell')
,('being processed',75,3,'2021-09-25 22:30:00',81,'iPad','Karousell')
,('being processed',75,3,'2021-09-26 22:30:00',82,'iPad','Karousell')
,('being processed',75,3,'2021-09-27 22:30:00',83,'iPad','Karousell')
,('being processed',75,3,'2021-09-28 22:30:00',84,'GalaxyZFold','Karousell')
,('being processed',75,3,'2021-09-29 22:30:00',85,'GalaxyZFold','Karousell')
,('being processed',75,3,'2021-09-30 22:30:00',86,'GalaxyZFold','Karousell')
,('being processed',75,3,'2021-10-01 22:30:00',87,'GalaxyZFold','Karousell')
,('being processed',75,3,'2021-10-02 22:30:00',88,'GalaxyZFold','Karousell')
,('being processed',75,3,'2021-10-03 22:30:00',89,'iPad','Karousell')
,('being processed',75,3,'2021-10-04 22:30:00',90,'iPad','Karousell')
,('being processed',75,3,'2021-10-05 22:30:00',91,'iPad','Karousell')
,('being processed',75,3,'2021-10-06 22:30:00',92,'iPad','Karousell')
,('being processed',75,3,'2021-10-07 22:30:00',93,'iPad','Karousell')
,('being processed',75,3,'2021-10-08 22:30:00',94,'iPad','Karousell')
,('being processed',75,3,'2021-10-09 22:30:00',95,'iPad','Karousell')
,('being processed',75,3,'2021-10-10 22:30:00',96,'iPad','Karousell')
,('being processed',75,3,'2021-10-11 22:30:00',97,'iPad','Karousell')
,('being processed',75,3,'2021-10-12 22:30:00',98,'iPad','Karousell')
,('being processed',75,3,'2021-10-13 22:30:00',99,'iPad','Karousell')
,('being processed',75,3,'2021-10-14 22:30:00',100,'iPad','Karousell')
,('being processed',75,3,'2021-10-15 22:30:00',101,'GalaxyTab','Karousell')
,('being processed',75,3,'2021-10-16 22:30:00',102,'GalaxyTab','Karousell')
,('being processed',75,3,'2021-10-17 22:30:00',103,'GalaxyTab','Karousell')
,('being processed',75,3,'2021-10-18 22:30:00',104,'GalaxyTab','Karousell')
,('being processed',75,3,'2021-10-19 22:30:00',105,'GalaxyTab','Karousell')
,('being processed',75,3,'2021-10-20 22:30:00',106,'GalaxyTab','Karousell')
,('being processed',75,3,'2021-10-21 22:30:00',107,'GalaxyTab','Karousell')
,('being processed',75,3,'2021-10-22 22:30:00',108,'iPad','Karousell')
,('being processed',75,3,'2021-10-23 22:30:00',109,'iPad','Karousell')
,('being processed',75,3,'2021-10-24 22:30:00',110,'iPad','Karousell')
,('being processed',75,3,'2021-10-25 22:30:00',111,'iPad','Karousell')
,('being processed',75,3,'2021-10-26 22:30:00',112,'iPad','Karousell')
,('being processed',75,3,'2021-10-27 22:30:00',113,'iPad','Karousell')
,('being processed',75,3,'2021-10-28 22:30:00',114,'iPad','Karousell')
,('being processed',75,3,'2021-10-29 22:30:00',115,'iPad','Karousell')
,('being processed',75,3,'2021-10-30 22:30:00',116,'iPad','Karousell')
,('being processed',75,3,'2021-10-31 22:30:00',117,'iPad','Karousell')
,('being processed',75,3,'2021-11-01 22:30:00',118,'iPad','Karousell')
,('being processed',75,3,'2021-11-02 22:30:00',119,'iPhone13','Karousell')
,('being processed',75,3,'2021-11-03 22:30:00',120,'iPhone13','Karousell')
,('being processed',75,3,'2021-11-04 22:30:00',121,'iPhone13','Karousell')
,('being processed',75,3,'2021-11-05 22:30:00',122,'iPhone13','Karousell')
,('being processed',75,3,'2021-11-06 22:30:00',123,'iPhone13','Karousell')
,('being processed',75,3,'2021-11-07 22:30:00',124,'iPad','Karousell')
,('being processed',75,3,'2021-11-08 22:30:00',125,'iPad','Karousell')
,('being processed',75,3,'2021-11-09 22:30:00',126,'iPad','Karousell')
,('being processed',75,3,'2021-11-10 22:30:00',127,'iPad','Karousell')
,('being processed',75,3,'2021-11-11 22:30:00',128,'iPad','Karousell')
,('being processed',75,3,'2021-11-12 22:30:00',129,'iPad','Karousell')
,('being processed',75,3,'2021-11-13 22:30:00',130,'S22','Karousell')
,('being processed',75,3,'2021-11-14 22:30:00',131,'S22','Karousell')
,('being processed',75,3,'2021-11-15 22:30:00',132,'S22','Karousell')
,('being processed',75,3,'2021-11-16 22:30:00',133,'S22','Karousell')
,('being processed',75,3,'2021-11-17 22:30:00',134,'iPad','Karousell')
,('being processed',75,3,'2021-11-18 22:30:00',135,'iPad','Karousell')
,('being processed',75,3,'2021-11-19 22:30:00',136,'iPad','Karousell')
,('being processed',75,3,'2021-11-20 22:30:00',137,'iPad','Karousell')
,('being processed',75,3,'2021-11-21 22:30:00',138,'iPad','Karousell')
,('being processed',75,3,'2021-11-22 22:30:00',1,'iPad','Karousell')
,('being processed',75,3,'2021-11-23 22:30:00',2,'iPad','Karousell')
,('being processed',75,3,'2021-11-24 22:30:00',3,'iPad','Karousell')
,('being processed',75,3,'2021-11-25 22:30:00',4,'iPad','Karousell')
,('being processed',75,3,'2021-11-26 22:30:00',5,'iPad','Karousell')
,('being processed',75,3,'2021-11-27 22:30:00',6,'iPad','Karousell')
,('being processed',75,3,'2021-11-28 22:30:00',7,'iPad','Karousell')
,('being processed',75,3,'2021-11-29 22:30:00',8,'iPad','Karousell')
,('being processed',75,3,'2021-11-30 22:30:00',9,'iPad','Karousell')
,('being processed',75,3,'2021-12-01 22:30:00',10,'iPad','Karousell')
,('being processed',75,3,'2021-12-02 22:30:00',11,'iPad','Karousell')
,('being processed',75,3,'2021-12-03 22:30:00',12,'iPad','Karousell')
,('being processed',75,3,'2021-12-04 22:30:00',13,'iPad','Karousell')
,('being processed',75,3,'2021-12-05 22:30:00',14,'iPad','Karousell')
,('being processed',75,3,'2021-12-06 22:30:00',15,'iPad','Karousell')
,('being processed',75,3,'2021-12-07 22:30:00',16,'iPad','Karousell')
,('being processed',75,3,'2021-12-08 22:30:00',17,'iPad','Karousell')
,('being processed',75,3,'2021-12-09 22:30:00',18,'iPad','Karousell')
,('being processed',75,3,'2021-12-10 22:30:00',19,'iPad','Karousell')
,('being processed',75,3,'2021-12-11 22:30:00',20,'iPad','Karousell')
,('being processed',75,3,'2021-12-12 22:30:00',21,'iPad','Karousell')
,('being processed',75,3,'2021-12-13 22:30:00',22,'iPad','Karousell')
,('being processed',75,3,'2021-12-14 22:30:00',23,'iPad','Karousell')
,('being processed',75,3,'2021-12-15 22:30:00',24,'iPad','Karousell')
,('being processed',75,3,'2021-12-16 22:30:00',25,'iPad','Karousell')
,('being processed',75,3,'2021-12-17 22:30:00',26,'iPad','Karousell')
,('being processed',75,3,'2021-12-18 22:30:00',27,'iPad','Karousell')
,('being processed',75,3,'2021-12-19 22:30:00',28,'iPad','Karousell')
,('being processed',75,3,'2021-12-20 22:30:00',29,'iPad','Karousell')
,('being processed',75,3,'2021-12-21 22:30:00',30,'iPad','Karousell')
,('being processed',75,3,'2021-12-22 22:30:00',31,'iPad','Karousell')
,('being processed',75,3,'2021-12-23 22:30:00',32,'iPad','Karousell')
,('being processed',75,3,'2021-12-24 22:30:00',33,'iPad','Karousell')
,('being processed',75,3,'2021-12-25 22:30:00',34,'iPad','Karousell')
,('being processed',75,3,'2021-12-26 22:30:00',35,'iPad','Karousell')
,('being processed',75,3,'2021-12-27 22:30:00',36,'iPad','Karousell')
,('being processed',75,3,'2021-12-28 22:30:00',37,'iPad','Karousell')
,('being processed',75,3,'2021-12-29 22:30:00',38,'iPad','Karousell')
,('being processed',75,3,'2021-12-30 22:30:00',39,'iPad','Karousell')
,('being processed',75,3,'2021-12-31 22:30:00',40,'iPad','Karousell')
,('being processed',75,3,'2022-01-01 22:30:00',41,'iPad','Karousell')
,('being processed',75,3,'2022-01-02 22:30:00',42,'iPad','Karousell')
,('being processed',75,3,'2022-01-03 22:30:00',43,'iPad','Karousell')
,('being processed',75,3,'2022-01-04 22:30:00',44,'iPad','Karousell')
,('being processed',75,1,'2022-01-05 22:30:00',45,'iPad','Karousell')
,('being processed',75,3,'2021-08-01 22:30:00',26,'iPhoneX','Karousell')
,('being processed',75,3,'2021-08-02 22:30:00',27,'iPhoneX','Karousell')
,('being processed',75,3,'2021-08-03 22:30:00',28,'iPhoneX','Karousell')
,('being processed',75,3,'2021-08-04 22:30:00',29,'iPhoneX','Karousell')
,('being processed',75,3,'2021-08-05 22:30:00',30,'iPhoneX','Karousell')
,('being processed',75,3,'2021-08-06 22:30:00',31,'iPhoneX','Karousell')
,('being processed',75,3,'2021-08-07 22:30:00',32,'iPhoneX','Karousell')
,('being processed',75,3,'2021-08-08 22:30:00',33,'iPhoneX','Karousell')
,('being processed',75,3,'2021-08-09 22:30:00',34,'iPhoneX','Karousell')
,('being processed',75,3,'2021-08-10 22:30:00',35,'iPhoneX','Karousell')
,('being processed',75,3,'2021-08-11 22:30:00',36,'iPhoneX','Karousell')
,('being processed',75,3,'2021-08-12 22:30:00',37,'iPhoneX','Karousell')
,('being processed',75,3,'2021-08-13 22:30:00',38,'iPhoneX','Karousell')
,('being processed',75,3,'2021-08-14 22:30:00',39,'iPhoneX','Karousell')
,('being processed',75,3,'2021-08-15 22:30:00',40,'iPhoneX','Karousell')
,('being processed',75,3,'2021-08-16 22:30:00',41,'iPhoneX','Karousell')
,('being processed',75,3,'2021-08-17 22:30:00',42,'iPhoneX','Karousell')
,('being processed',75,3,'2021-08-18 22:30:00',43,'iPhoneX','Karousell')
,('being processed',75,3,'2021-08-19 22:30:00',44,'iPhoneX','Karousell')
,('being processed',75,1,'2021-08-20 22:30:00',45,'iPhoneX','Karousell')
,('being processed',75,1,'2021-08-21 22:30:00',46,'iPhoneX','Karousell')
,('being processed',75,1,'2021-08-22 22:30:00',47,'iPhoneX','Karousell')
,('being processed',75,1,'2021-08-22 22:30:00',48,'iPhoneX','Karousell')
,('being processed',75,1,'2021-08-22 22:30:00',49,'iPhoneX','Karousell')
,('being processed',75,1,'2021-08-22 22:30:00',50,'iPhoneX','Karousell')
,('being processed',75,1,'2021-08-22 22:30:00',51,'iPhoneX','Karousell')
,('being processed',75,1,'2021-08-22 22:30:00',52,'iPhoneX','Karousell')
,('being processed',75,1,'2021-08-22 22:30:00',53,'iPhoneX','Karousell')
,('being processed',75,1,'2021-08-22 22:30:00',54,'iPhoneX','Karousell')
,('being processed',75,1,'2021-08-22 22:30:00',55,'iPhoneX','Karousell')
,('being processed',75,1,'2021-08-22 22:30:00',56,'iPhoneX','Karousell')
,('being processed',75,1,'2021-08-22 22:30:00',57,'iPhoneX','Karousell')
,('being processed',75,1,'2021-08-22 22:30:00',58,'iPhoneX','Karousell')
,('being processed',75,1,'2021-08-22 22:30:00',59,'iPhoneX','Karousell')
,('being processed',75,1,'2021-08-22 22:30:00',60,'iPhoneX','Karousell')
,('being processed',75,1,'2021-08-22 22:30:00',61,'iPhoneX','Karousell')
,('being processed',75,1,'2021-08-22 22:30:00',62,'iPhoneX','Karousell')
,('being processed',75,1,'2021-08-22 22:30:00',63,'iPhoneX','Karousell')
,('being processed',75,1,'2021-08-22 22:30:00',64,'iPhoneX','Karousell')
,('being processed',75,1,'2021-08-22 22:30:00',65,'iPhoneX','Karousell')
,('being processed',75,1,'2021-08-22 22:30:00',66,'iPhoneX','Karousell')
,('being processed',75,1,'2021-08-22 22:30:00',67,'iPhoneX','Karousell')
,('being processed',75,1,'2021-08-22 22:30:00',68,'iPhoneX','Karousell')
,('being processed',75,1,'2021-08-22 22:30:00',69,'iPhoneX','Karousell')
,('being processed',75,1,'2021-08-22 22:30:00',70,'iPhoneX','Karousell')
,('being processed',75,1,'2021-08-22 22:30:00',71,'iPhoneX','Karousell')
,('being processed',75,1,'2021-08-22 22:30:00',72,'iPhoneX','Karousell')
,('being processed',75,1,'2021-08-22 22:30:00',73,'iPhoneX','Karousell')
,('being processed',75,1,'2021-08-22 22:30:00',74,'iPhoneX','Karousell')
,('being processed',75,1,'2021-08-22 22:30:00',75,'iPhoneX','Karousell')
,('being processed',75,3,'2021-08-22 22:30:00',76,'iPhoneX','Karousell')
,('being processed',75,3,'2021-08-22 22:30:00',77,'iPhoneX','Karousell')
,('being processed',75,3,'2021-08-22 22:30:00',78,'iPhoneX','Karousell')
,('being processed',75,3,'2021-08-22 22:30:00',79,'iPhoneX','Karousell')
,('being processed',75,3,'2021-08-22 22:30:00',80,'iPhoneX','Karousell')
,('being processed',75,3,'2021-08-22 22:30:00',81,'iPhoneX','Karousell')
,('being processed',75,3,'2021-08-22 22:30:00',82,'iPhoneX','Karousell')
,('being processed',75,3,'2021-08-22 22:30:00',83,'iPhoneX','Karousell')
,('being processed',75,3,'2021-08-22 22:30:00',84,'iPhoneX','Karousell')
,('being processed',75,3,'2021-08-22 22:30:00',85,'iPhoneX','Karousell')
,('being processed',75,3,'2021-08-22 22:30:00',86,'iPhoneX','Karousell')
,('being processed',75,3,'2021-08-22 22:30:00',87,'iPhoneX','Karousell')
,('being processed',75,3,'2021-08-22 22:30:00',88,'iPhoneX','Karousell')
,('shipped',80,2,'2021-08-08 22:30:00',1,'GalaxyZFlip','Hello')
,('shipped',80,2,'2021-08-08 22:30:00',2,'GalaxyZFlip','Hello')
,('shipped',80,2,'2021-08-08 22:30:00',3,'GalaxyZFlip','Hello')
,('shipped',80,2,'2021-08-08 22:30:00',4,'GalaxyZFlip','Hello')
,('shipped',80,2,'2021-08-08 22:30:00',5,'GalaxyZFlip','Hello')
,('shipped',80,2,'2021-08-08 22:30:00',6,'GalaxyZFlip','Hello')
,('shipped',80,2,'2021-08-08 22:30:00',7,'GalaxyZFlip','Hello')
,('shipped',80,2,'2021-08-08 22:30:00',8,'GalaxyZFlip','Hello')
,('shipped',80,2,'2021-08-08 22:30:00',9,'GalaxyZFlip','Hello')
,('shipped',80,2,'2021-08-08 22:30:00',10,'GalaxyZFlip','Hello')
,('shipped',80,2,'2021-08-08 22:30:00',11,'GalaxyZFlip','Hello')
,('shipped',80,2,'2021-08-08 22:30:00',12,'GalaxyZFlip','Hello')
,('shipped',80,2,'2021-08-08 22:30:00',13,'GalaxyZFlip','Hello')
,('shipped',80,2,'2021-08-08 22:30:00',14,'GalaxyZFlip','Hello')
,('shipped',80,2,'2021-08-08 22:30:00',15,'GalaxyZFlip','Hello')
,('shipped',80,2,'2021-08-08 22:30:00',16,'GalaxyZFlip','Hello')
,('shipped',80,2,'2021-08-08 22:30:00',17,'GalaxyZFlip','Hello')
,('shipped',80,2,'2021-08-08 22:30:00',18,'GalaxyZFlip','Hello')
,('shipped',80,2,'2021-08-08 22:30:00',19,'GalaxyZFlip','Hello')
,('shipped',80,2,'2021-08-08 22:30:00',20,'GalaxyZFlip','Hello')
,('shipped',80,2,'2021-08-08 22:30:00',21,'GalaxyZFlip','Hello')
,('shipped',80,2,'2021-08-08 22:30:00',22,'GalaxyZFlip','Hello')
,('shipped',80,2,'2021-08-08 22:30:00',23,'GalaxyZFlip','Hello')
,('shipped',80,2,'2021-08-08 22:30:00',24,'GalaxyZFlip','Hello')
,('shipped',80,2,'2021-08-08 22:30:00',25,'GalaxyZFlip','Hello')
,('shipped',80,2,'2021-08-08 22:30:00',26,'GalaxyZFlip','Hello')
,('shipped',80,2,'2021-08-08 22:30:00',27,'GalaxyZFlip','Hello')
,('shipped',80,2,'2021-08-08 22:30:00',28,'GalaxyZFlip','Hello')
,('shipped',80,2,'2021-08-08 22:30:00',29,'GalaxyZFlip','Hello')
,('shipped',80,2,'2021-08-08 22:30:00',30,'GalaxyZFlip','Hello')
,('being processed',80,2,'2021-08-08 22:30:00',31,'GalaxyZFlip','Hello')
,('being processed',80,2,'2021-08-08 22:30:00',32,'GalaxyZFlip','Hello')
,('being processed',80,2,'2021-08-08 22:30:00',33,'GalaxyZFlip','Hello')
,('being processed',80,2,'2021-08-08 22:30:00',34,'GalaxyZFlip','Hello')
,('being processed',80,2,'2021-08-08 22:30:00',35,'GalaxyZFlip','Hello')
,('being processed',80,2,'2021-08-08 22:30:00',36,'GalaxyZFlip','Hello')
,('being processed',80,2,'2021-08-08 22:30:00',37,'GalaxyZFlip','Hello')
,('being processed',80,2,'2021-08-08 22:30:00',38,'GalaxyZFlip','Hello')
,('being processed',80,2,'2021-08-08 22:30:00',39,'GalaxyZFlip','Hello')
,('being processed',80,2,'2021-08-08 22:30:00',40,'GalaxyZFlip','Hello')
,('being processed',80,2,'2021-08-08 22:30:00',41,'GalaxyZFlip','Hello')
,('being processed',80,2,'2021-08-08 22:30:00',42,'GalaxyZFlip','Hello')
,('being processed',80,2,'2021-08-08 22:30:00',43,'GalaxyZFlip','Hello')
,('being processed',80,2,'2021-08-08 22:30:00',44,'GalaxyZFlip','Hello')
,('being processed',80,1,'2021-08-08 22:30:00',45,'GalaxyZFlip','Hello')
,('being processed',80,1,'2021-08-08 22:30:00',46,'GalaxyZFlip','Hello')
,('being processed',80,1,'2021-08-08 22:30:00',47,'GalaxyZFlip','Hello')
,('being processed',80,1,'2021-08-08 22:30:00',48,'GalaxyZFlip','Hello')
,('being processed',80,1,'2021-08-08 22:30:00',49,'GalaxyZFlip','Hello')
,('being processed',80,1,'2021-08-08 22:30:00',50,'GalaxyZFlip','Hello')
,('being processed',80,1,'2021-08-08 22:30:00',51,'GalaxyZFlip','Hello')
,('being processed',80,1,'2021-08-08 22:30:00',52,'GalaxyZFlip','Hello')
,('being processed',80,1,'2021-08-08 22:30:00',53,'GalaxyZFlip','Hello')
,('being processed',80,1,'2021-08-08 22:30:00',54,'GalaxyZFlip','Hello')
,('being processed',80,1,'2021-08-08 22:30:00',55,'GalaxyZFlip','Hello')
,('being processed',80,1,'2021-08-08 22:30:00',56,'GalaxyZFlip','Hello')
,('being processed',80,1,'2021-08-08 22:30:00',57,'GalaxyZFlip','Hello')
,('being processed',80,1,'2021-08-08 22:30:00',58,'GalaxyZFlip','Hello')
,('being processed',80,1,'2021-08-08 22:30:00',59,'GalaxyZFlip','Hello')
,('being processed',80,1,'2021-08-08 22:30:00',60,'GalaxyZFlip','Hello')
,('being processed',80,1,'2021-08-08 22:30:00',61,'GalaxyZFlip','Hello')
,('being processed',80,1,'2021-08-08 22:30:00',62,'GalaxyZFlip','Hello')
,('being processed',80,1,'2021-08-08 22:30:00',63,'GalaxyZFlip','Hello')
,('being processed',80,1,'2021-08-08 22:30:00',64,'GalaxyZFlip','Hello')
,('being processed',80,1,'2021-08-08 22:30:00',65,'GalaxyZFlip','Hello')
,('being processed',80,1,'2021-08-08 22:30:00',66,'GalaxyZFlip','Hello')
,('being processed',80,1,'2021-08-08 22:30:00',67,'GalaxyZFlip','Hello')
,('being processed',80,1,'2021-08-08 22:30:00',68,'GalaxyZFlip','Hello')
,('being processed',80,1,'2021-08-08 22:30:00',69,'GalaxyZFlip','Hello')
,('being processed',80,1,'2021-08-08 22:30:00',70,'GalaxyZFlip','Hello')
,('being processed',80,1,'2021-08-08 22:30:00',71,'GalaxyZFlip','Hello')
,('being processed',80,1,'2021-08-08 22:30:00',72,'GalaxyZFlip','Hello')
,('being processed',80,1,'2021-08-08 22:30:00',73,'GalaxyZFlip','Hello')
,('being processed',80,1,'2021-08-08 22:30:00',74,'GalaxyZFlip','Hello')
,('being processed',80,1,'2021-08-08 22:30:00',75,'GalaxyZFlip','Hello')
,('being processed',80,2,'2021-08-08 22:30:00',76,'GalaxyZFlip','Hello')
,('being processed',80,2,'2021-08-08 22:30:00',77,'GalaxyZFlip','Hello')
,('being processed',80,2,'2021-08-08 22:30:00',78,'GalaxyZFlip','Hello')
,('being processed',80,2,'2021-08-08 22:30:00',79,'GalaxyZFlip','Hello')
,('being processed',80,2,'2021-08-08 22:30:00',80,'GalaxyZFlip','Hello')
,('being processed',80,2,'2021-08-08 22:30:00',81,'GalaxyZFlip','Hello')
,('being processed',80,2,'2021-08-08 22:30:00',82,'GalaxyZFlip','Hello')
,('being processed',80,2,'2021-08-08 22:30:00',83,'GalaxyZFlip','Hello')
,('being processed',80,2,'2021-08-08 22:30:00',84,'GalaxyZFlip','Hello')
,('being processed',80,2,'2021-08-08 22:30:00',85,'GalaxyZFlip','Hello')
,('being processed',80,2,'2021-08-08 22:30:00',86,'GalaxyZFlip','Hello')
,('being processed',80,2,'2021-08-08 22:30:00',87,'GalaxyZFlip','Hello')
,('being processed',80,2,'2021-08-08 22:30:00',88,'GalaxyZFlip','Hello')
,('being processed',80,2,'2021-08-08 22:30:00',89,'GalaxyZFlip','Hello')
,('being processed',80,2,'2021-08-08 22:30:00',90,'GalaxyZFlip','Hello')
,('being processed',80,2,'2021-08-08 22:30:00',91,'GalaxyZFlip','Hello')
,('being processed',80,2,'2021-08-08 22:30:00',92,'GalaxyZFlip','Hello')
,('being processed',80,2,'2021-08-08 22:30:00',93,'GalaxyZFlip','Hello')
,('being processed',80,2,'2021-08-08 22:30:00',94,'GalaxyZFlip','Hello')
,('being processed',80,2,'2021-08-08 22:30:00',95,'GalaxyZFlip','Hello')
,('being processed',80,2,'2021-08-08 22:30:00',96,'GalaxyZFlip','Hello')
,('being processed',80,2,'2021-08-08 22:30:00',97,'GalaxyZFlip','Hello')
,('being processed',80,2,'2021-08-08 22:30:00',98,'GalaxyZFlip','Hello')
,('being processed',45,1,'2021-08-08 22:30:00',76,'iPhoneX','Hello')
,('being processed',45,1,'2021-08-09 22:30:00',77,'iPhoneX','Hello')
,('being processed',45,1,'2021-08-10 22:30:00',78,'iPhoneX','Hello')
,('being processed',45,1,'2021-08-11 22:30:00',79,'iPhoneX','Hello')
,('being processed',45,1,'2021-08-12 22:30:00',80,'iPhoneX','Hello')
,('being processed',45,1,'2021-08-13 22:30:00',81,'iPhoneX','Hello')
,('being processed',45,1,'2021-08-14 22:30:00',82,'iPhoneX','Hello')
,('being processed',45,1,'2021-08-15 22:30:00',83,'iPhoneX','Hello')
,('being processed',45,1,'2021-08-16 22:30:00',84,'iPhoneX','Hello')
,('being processed',45,1,'2021-08-17 22:30:00',85,'iPhoneX','Hello')
,('being processed',45,1,'2021-08-18 22:30:00',86,'iPhoneX','Hello')
,('being processed',45,1,'2021-08-19 22:30:00',87,'iPhoneX','Hello')
,('being processed',45,1,'2021-08-20 22:30:00',88,'iPhoneX','Hello')
,('being processed',45,1,'2021-08-21 22:30:00',89,'iPhoneX','Hello')
,('being processed',45,1,'2021-08-22 22:30:00',90,'iPhoneX','Hello')
,('being processed',45,1,'2021-08-23 22:30:00',91,'iPhoneX','Hello')
,('being processed',45,1,'2021-08-24 22:30:00',92,'iPhoneX','Hello')
,('being processed',45,1,'2021-08-25 22:30:00',93,'iPhoneX','Hello')
,('being processed',45,1,'2021-08-26 22:30:00',94,'iPhoneX','Hello')
,('being processed',45,1,'2021-08-27 22:30:00',95,'iPhoneX','Hello')
,('being processed',45,1,'2021-08-28 22:30:00',96,'iPhoneX','Hello')
,('being processed',45,1,'2021-08-29 22:30:00',97,'iPhoneX','Hello')
,('shipped',45,1,'2021-08-05 22:30:00',98,'iPhoneX','Hello')
,('shipped',45,1,'2021-08-06 22:30:00',99,'iPhoneX','Hello')
,('shipped',45,1,'2021-08-07 22:30:00',100,'iPhoneX','Hello')
,('shipped',45,1,'2021-08-08 22:30:00',101,'iPhoneX','Hello')
,('shipped',45,1,'2021-08-09 22:30:00',102,'iPhoneX','Hello')
,('shipped',45,1,'2021-08-10 22:30:00',103,'iPhoneX','Hello')
,('shipped',45,1,'2021-08-11 22:30:00',104,'iPhoneX','Hello')
,('shipped',45,1,'2021-08-12 22:30:00',105,'iPhoneX','Hello')
,('shipped',45,1,'2021-08-13 22:30:00',106,'iPhoneX','Hello')
,('shipped',45,1,'2021-08-14 22:30:00',107,'iPhoneX','Hello')
,('shipped',45,1,'2021-08-15 22:30:00',108,'iPhoneX','Hello')
,('shipped',45,1,'2021-08-16 22:30:00',109,'iPhoneX','Hello')
,('shipped',45,1,'2021-08-17 22:30:00',110,'iPhoneX','Hello')
,('shipped',45,1,'2021-08-18 22:30:00',111,'iPhoneX','Hello')
,('shipped',45,1,'2021-08-19 22:30:00',112,'iPhoneX','Hello')
,('shipped',45,1,'2021-08-20 22:30:00',113,'iPhoneX','Hello')
,('shipped',45,1,'2021-08-21 22:30:00',114,'iPhoneX','Hello')
,('shipped',45,1,'2021-08-22 22:30:00',115,'iPhoneX','Hello')
,('shipped',45,1,'2021-08-23 22:30:00',116,'iPhoneX','Hello')
,('shipped',45,1,'2021-08-24 22:30:00',117,'iPhoneX','Hello')
,('shipped',45,1,'2021-08-25 22:30:00',118,'iPhoneX','Hello')
,('shipped',45,1,'2021-08-26 22:30:00',119,'iPhoneX','Hello')
,('being processed',45,1,'2021-08-08 22:30:00',120,'iPhoneX','Hello')
,('being processed',45,1,'2021-08-09 22:30:00',121,'iPhoneX','Hello')
,('being processed',45,1,'2021-08-10 22:30:00',122,'iPhoneX','Hello')
,('being processed',45,1,'2021-08-11 22:30:00',123,'iPhoneX','Hello')
,('being processed',45,1,'2021-08-12 22:30:00',124,'iPhoneX','Hello')
,('being processed',45,1,'2021-08-13 22:30:00',125,'iPhoneX','Hello')
,('being processed',45,1,'2021-08-14 22:30:00',126,'iPhoneX','Hello')
,('being processed',45,1,'2021-08-15 22:30:00',127,'iPhoneX','Hello')
,('being processed',45,1,'2021-08-16 22:30:00',128,'iPhoneX','Hello')
,('being processed',45,1,'2021-08-17 22:30:00',129,'iPhoneX','Hello')
,('being processed',45,1,'2021-08-18 22:30:00',130,'iPhoneX','Hello')
,('being processed',45,1,'2021-08-19 22:30:00',131,'iPhoneX','Hello')
,('being processed',45,1,'2021-08-20 22:30:00',132,'iPhoneX','Hello')
,('being processed',45,1,'2021-08-21 22:30:00',133,'iPhoneX','Hello')
,('being processed',45,1,'2021-08-22 22:30:00',134,'iPhoneX','Hello')
,('being processed',45,1,'2021-08-23 22:30:00',135,'iPhoneX','Hello')
,('being processed',45,1,'2021-08-24 22:30:00',136,'iPhoneX','Hello')
,('being processed',45,1,'2021-08-25 22:30:00',137,'iPhoneX','Hello')
,('being processed',45,1,'2021-08-26 22:30:00',138,'iPhoneX','Hello')
,('being processed',45,1,'2021-08-27 22:30:00',139,'iPhoneX','Hello')
,('being processed',45,1,'2021-08-28 22:30:00',140,'iPhoneX','Hello')
,('being processed',45,1,'2021-08-29 22:30:00',141,'iPhoneX','Hello')
,('shipped',45,1,'2021-08-05 22:30:00',142,'iPhoneX','Hello')
,('shipped',45,1,'2021-08-06 22:30:00',143,'iPhoneX','Hello')
,('shipped',45,1,'2021-08-07 22:30:00',144,'iPhoneX','Hello')
,('shipped',45,1,'2021-08-08 22:30:00',145,'iPhoneX','Hello')
,('shipped',45,1,'2021-08-09 22:30:00',146,'iPhoneX','Hello')
,('shipped',45,1,'2021-08-10 22:30:00',147,'iPhoneX','Hello')
,('shipped',45,1,'2021-08-11 22:30:00',148,'iPhoneX','Hello')
,('shipped',45,1,'2021-08-12 22:30:00',149,'iPhoneX','Hello')
,('shipped',45,1,'2021-08-13 22:30:00',150,'iPhoneX','Hello')
,('shipped',45,1,'2021-08-14 22:30:00',151,'iPhoneX','Hello')
,('shipped',45,1,'2021-08-15 22:30:00',152,'iPhoneX','Hello')
,('shipped',45,1,'2021-08-16 22:30:00',153,'iPhoneX','Hello')
,('shipped',45,1,'2021-08-17 22:30:00',154,'iPhoneX','Hello')
,('shipped',45,1,'2021-08-18 22:30:00',155,'iPhoneX','Hello')
,('shipped',45,1,'2021-08-19 22:30:00',156,'iPhoneX','Hello')
,('shipped',45,1,'2021-08-20 22:30:00',157,'iPhoneX','Hello')
,('shipped',45,1,'2021-08-21 22:30:00',158,'iPhoneX','Hello')
,('shipped',45,1,'2021-08-22 22:30:00',159,'iPhoneX','Hello')
,('shipped',45,1,'2021-08-23 22:30:00',160,'iPhoneX','Hello')
,('shipped',45,1,'2021-08-24 22:30:00',161,'iPhoneX','Hello')
,('shipped',45,1,'2021-08-25 22:30:00',162,'iPhoneX','Hello')
,('shipped',45,1,'2021-08-26 22:30:00',163,'iPhoneX','Hello')
,('being processed',45,1,'2021-08-08 22:30:00',164,'iPhoneX','Hello')
,('being processed',45,1,'2021-08-09 22:30:00',165,'iPhoneX','Hello')
,('being processed',45,1,'2021-08-10 22:30:00',166,'iPhoneX','Hello')
,('being processed',45,1,'2021-08-11 22:30:00',167,'iPhoneX','Hello')
,('being processed',45,1,'2021-08-12 22:30:00',168,'iPhoneX','Hello')
,('being processed',45,1,'2021-08-13 22:30:00',169,'iPhoneX','Hello')
,('being processed',45,1,'2021-08-14 22:30:00',170,'iPhoneX','Hello')
,('being processed',45,1,'2021-08-15 22:30:00',171,'iPhoneX','Hello')
,('being processed',45,1,'2021-08-16 22:30:00',172,'iPhoneX','Hello')
,('being processed',45,1,'2021-08-17 22:30:00',173,'iPhoneX','Hello')
,('being processed',45,1,'2021-08-18 22:30:00',174,'iPhoneX','Hello')
,('being processed',45,1,'2021-08-19 22:30:00',175,'iPhoneX','Hello')
,('being processed',45,1,'2021-08-20 22:30:00',176,'iPhoneX','Hello')
,('being processed',45,1,'2021-08-21 22:30:00',177,'iPhoneX','Hello')
,('being processed',45,1,'2021-08-22 22:30:00',178,'iPhoneX','Hello')
,('being processed',45,1,'2021-08-23 22:30:00',179,'iPhoneX','Hello')
,('being processed',45,1,'2021-08-24 22:30:00',180,'iPhoneX','Hello')
,('being processed',45,1,'2021-08-25 22:30:00',181,'iPhoneX','Hello')
,('being processed',45,1,'2021-08-26 22:30:00',182,'iPhoneX','Hello')
,('being processed',45,1,'2021-08-27 22:30:00',183,'iPhoneX','Hello')
,('being processed',45,1,'2021-08-28 22:30:00',184,'iPhoneX','Hello')
,('being processed',45,1,'2021-08-29 22:30:00',185,'iPhoneX','Hello')
,('shipped',45,1,'2021-08-05 22:30:00',186,'iPhoneX','Hello')
,('shipped',45,1,'2021-08-06 22:30:00',187,'iPhoneX','Hello')
,('shipped',45,1,'2021-08-07 22:30:00',188,'iPhoneX','Hello')
,('shipped',45,1,'2021-08-08 22:30:00',189,'iPhoneX','Hello')
,('shipped',45,1,'2021-08-09 22:30:00',76,'iPhoneX','Hello')
,('shipped',45,1,'2021-08-10 22:30:00',77,'iPhoneX','Hello')
,('shipped',45,1,'2021-08-11 22:30:00',78,'iPhoneX','Hello')
,('shipped',45,1,'2021-08-12 22:30:00',79,'iPhoneX','Hello')
,('shipped',45,1,'2021-08-13 22:30:00',80,'iPhoneX','Hello')
,('shipped',45,1,'2021-08-14 22:30:00',81,'iPhoneX','Hello')
,('shipped',45,1,'2021-08-15 22:30:00',82,'iPhoneX','Hello')
,('shipped',45,1,'2021-08-16 22:30:00',83,'iPhoneX','Hello')
,('shipped',45,1,'2021-08-17 22:30:00',84,'iPhoneX','Hello')
,('shipped',45,1,'2021-08-18 22:30:00',85,'iPhoneX','Hello')
,('shipped',45,1,'2021-08-19 22:30:00',86,'iPhoneX','Hello')
,('shipped',45,1,'2021-08-20 22:30:00',87,'iPhoneX','Hello')
,('shipped',45,1,'2021-08-21 22:30:00',88,'iPhoneX','Hello')
,('shipped',45,1,'2021-08-22 22:30:00',89,'iPhoneX','Hello')
,('shipped',45,1,'2021-08-23 22:30:00',90,'iPhoneX','Hello')
,('shipped',45,1,'2021-08-24 22:30:00',91,'iPhoneX','Hello')
,('shipped',45,1,'2021-08-25 22:30:00',92,'iPhoneX','Hello')
,('shipped',45,1,'2021-08-26 22:30:00',93,'iPhoneX','Hello')
,('being processed',45,1,'2021-08-08 22:30:00',94,'iPhoneX','Hello')
,('being processed',45,1,'2021-08-09 22:30:00',95,'iPhoneX','Hello')
,('being processed',45,1,'2021-08-10 22:30:00',96,'iPhoneX','Hello')
,('being processed',45,1,'2021-08-11 22:30:00',97,'iPhoneX','Hello')
,('being processed',45,1,'2021-08-12 22:30:00',98,'iPhoneX','Hello')
,('being processed',45,1,'2021-08-13 22:30:00',99,'iPhoneX','Hello')
,('being processed',45,1,'2021-08-14 22:30:00',100,'iPhoneX','Hello')
,('being processed',45,1,'2021-08-15 22:30:00',101,'iPhoneX','Hello')
,('being processed',45,1,'2021-08-16 22:30:00',102,'iPhoneX','Hello')
,('being processed',45,1,'2021-08-17 22:30:00',103,'iPhoneX','Hello')
,('being processed',45,1,'2021-08-18 22:30:00',104,'iPhoneX','Hello')
,('being processed',45,1,'2021-08-19 22:30:00',105,'iPhoneX','Hello')
,('being processed',45,1,'2021-08-20 22:30:00',106,'iPhoneX','Hello')
,('being processed',45,1,'2021-08-21 22:30:00',107,'iPhoneX','Hello')
,('being processed',45,1,'2021-08-22 22:30:00',108,'iPhoneX','Hello')
,('being processed',45,1,'2021-08-23 22:30:00',109,'iPhoneX','Hello')
,('being processed',45,1,'2021-08-24 22:30:00',110,'iPhoneX','Hello')
,('being processed',45,1,'2021-08-25 22:30:00',111,'iPhoneX','Hello')
,('being processed',45,1,'2021-08-26 22:30:00',112,'iPhoneX','Hello')
,('being processed',45,1,'2021-08-27 22:30:00',113,'iPhoneX','Hello')
,('being processed',45,1,'2021-08-28 22:30:00',114,'iPhoneX','Hello')
,('being processed',45,1,'2021-08-29 22:30:00',115,'iPhoneX','Hello')
,('shipped',45,1,'2021-08-05 22:30:00',116,'iPhoneX','Hello')
,('shipped',45,1,'2021-08-06 22:30:00',117,'iPhoneX','Hello')
,('shipped',45,1,'2021-08-07 22:30:00',118,'iPhoneX','Hello')
,('shipped',45,1,'2021-08-08 22:30:00',119,'iPhoneX','Hello')
,('shipped',45,1,'2021-08-09 22:30:00',120,'iPhoneX','Hello')
,('shipped',45,1,'2021-08-10 22:30:00',121,'iPhoneX','Hello')
,('shipped',45,1,'2021-08-11 22:30:00',122,'iPhoneX','Hello')
,('shipped',45,1,'2021-08-12 22:30:00',123,'iPhoneX','Hello')
,('shipped',45,1,'2021-08-13 22:30:00',124,'iPhoneX','Hello')
,('shipped',45,1,'2021-08-14 22:30:00',125,'iPhoneX','Hello')
,('shipped',45,1,'2021-08-15 22:30:00',126,'iPhoneX','Hello')
,('shipped',45,1,'2021-08-16 22:30:00',127,'iPhoneX','Hello')
,('shipped',45,1,'2021-08-17 22:30:00',128,'iPhoneX','Hello')
,('shipped',45,1,'2021-08-18 22:30:00',129,'iPhoneX','Hello')
,('shipped',45,1,'2021-08-19 22:30:00',130,'iPhoneX','Hello')
,('shipped',45,1,'2021-08-20 22:30:00',131,'iPhoneX','Hello')
,('shipped',45,1,'2021-08-21 22:30:00',132,'iPhoneX','Hello')
,('shipped',45,1,'2021-08-22 22:30:00',133,'iPhoneX','Hello')
,('shipped',45,1,'2021-08-23 22:30:00',134,'iPhoneX','Hello')
,('shipped',45,1,'2021-08-24 22:30:00',135,'iPhoneX','Hello')
,('shipped',45,1,'2021-08-25 22:30:00',136,'iPhoneX','Hello')
,('shipped',45,1,'2021-08-26 22:30:00',137,'iPhoneX','Hello')
,('shipped',45,1,'2021-08-27 22:30:00',138,'iPhoneX','Hello')
,('shipped',45,1,'2021-08-28 22:30:00',139,'iPhoneX','Hello')
,('shipped',45,1,'2021-08-29 22:30:00',140,'iPhoneX','Hello')
,('shipped',45,1,'2021-08-30 22:30:00',141,'iPhoneX','Hello')
,('shipped',45,1,'2021-08-31 22:30:00',142,'iPhoneX','Hello')
,('shipped',45,1,'2021-09-01 22:30:00',143,'iPhoneX','Hello')
,('shipped',45,1,'2021-09-02 22:30:00',144,'iPhoneX','Hello')
,('shipped',45,1,'2021-09-03 22:30:00',145,'iPhoneX','Hello')
,('shipped',45,1,'2021-09-04 22:30:00',146,'iPhoneX','Hello')
,('shipped',45,1,'2021-09-05 22:30:00',147,'iPhoneX','Hello')
,('shipped',45,1,'2021-09-06 22:30:00',148,'iPhoneX','Hello')
,('shipped',45,1,'2021-09-07 22:30:00',149,'iPhoneX','Hello')
,('shipped',45,1,'2021-09-08 22:30:00',150,'iPhoneX','Hello')
,('shipped',45,1,'2021-09-09 22:30:00',151,'iPhoneX','Hello')
,('shipped',45,1,'2021-09-10 22:30:00',152,'iPhoneX','Hello')
,('shipped',45,1,'2021-09-11 22:30:00',153,'iPhoneX','Hello')
,('shipped',45,1,'2021-09-12 22:30:00',154,'iPhoneX','Hello')
,('shipped',45,1,'2021-09-13 22:30:00',155,'iPhoneX','Hello')
,('shipped',45,1,'2021-09-14 22:30:00',156,'iPhoneX','Hello')
,('shipped',45,1,'2021-09-15 22:30:00',157,'iPhoneX','Hello')
,('shipped',45,1,'2021-09-16 22:30:00',158,'iPhoneX','Hello')
,('shipped',45,1,'2021-09-17 22:30:00',159,'iPhoneX','Hello')
,('shipped',45,1,'2021-09-18 22:30:00',160,'iPhoneX','Hello')
,('shipped',45,1,'2021-09-19 22:30:00',161,'iPhoneX','Hello')
,('shipped',45,1,'2021-09-20 22:30:00',162,'iPhoneX','Hello')
,('shipped',45,1,'2021-09-21 22:30:00',163,'iPhoneX','Hello')
,('shipped',45,1,'2021-09-22 22:30:00',164,'iPhoneX','Hello')
,('delivered',74,2,'2021-07-02 22:30:00',7,'iPhoneX','Panda')
,('delivered',74,2,'2021-07-03 22:30:00',8,'iPhoneX','Panda')
,('delivered',74,2,'2021-07-04 22:30:00',8,'iPhoneX','Panda')
,('being processed',74,1,'2021-07-05 22:30:00',45,'iPhoneX','Panda')
,('being processed',74,1,'2021-07-06 22:30:00',46,'iPhoneX','Panda')
,('being processed',74,1,'2021-07-07 22:30:00',47,'iPhoneX','Panda')
,('being processed',74,1,'2021-07-08 22:30:00',48,'iPhoneX','Panda')
,('being processed',74,1,'2021-07-09 22:30:00',49,'iPhoneX','Panda')
,('being processed',74,1,'2021-07-10 22:30:00',50,'iPhoneX','Panda')
,('being processed',74,1,'2021-07-11 22:30:00',51,'iPhoneX','Panda')
,('being processed',74,1,'2021-07-12 22:30:00',52,'iPhoneX','Panda')
,('being processed',74,1,'2021-07-13 22:30:00',53,'iPhoneX','Panda')
,('being processed',74,1,'2021-07-14 22:30:00',54,'iPhoneX','Panda')
,('being processed',74,1,'2021-07-15 22:30:00',55,'iPhoneX','Panda')
,('being processed',74,1,'2021-07-16 22:30:00',56,'iPhoneX','Panda')
,('being processed',74,1,'2021-07-17 22:30:00',57,'iPhoneX','Panda')
,('being processed',74,1,'2021-07-18 22:30:00',58,'iPhoneX','Panda')
,('being processed',74,1,'2021-07-18 22:30:00',59,'iPhoneX','Panda')
,('being processed',74,1,'2021-07-18 22:30:00',60,'iPhoneX','Panda')
,('being processed',74,1,'2021-07-18 22:30:00',61,'iPhoneX','Panda')
,('being processed',74,1,'2021-07-18 22:30:00',62,'iPhoneX','Panda')
,('being processed',74,1,'2021-07-18 22:30:00',63,'iPhoneX','Panda')
,('being processed',74,1,'2021-07-18 22:30:00',64,'iPhoneX','Panda')
,('being processed',74,1,'2021-07-18 22:30:00',65,'iPhoneX','Panda')
,('being processed',74,1,'2021-07-18 22:30:00',66,'iPhoneX','Panda')
,('being processed',74,1,'2021-07-18 22:30:00',67,'iPhoneX','Panda')
,('being processed',74,1,'2021-07-18 22:30:00',68,'iPhoneX','Panda')
,('being processed',74,1,'2021-07-18 22:30:00',69,'iPhoneX','Panda')
,('being processed',74,1,'2021-07-18 22:30:00',70,'iPhoneX','Panda')
,('being processed',74,1,'2021-07-18 22:30:00',71,'iPhoneX','Panda')
,('being processed',74,1,'2021-07-18 22:30:00',72,'iPhoneX','Panda')
,('being processed',74,1,'2021-07-18 22:30:00',73,'iPhoneX','Panda')
,('being processed',74,1,'2021-07-18 22:30:00',74,'iPhoneX','Panda')
,('being processed',74,1,'2021-07-18 22:30:00',75,'iPhoneX','Panda')
,('being processed',74,1,'2021-07-18 22:30:00',45,'iPhoneX','Panda')
,('being processed',74,1,'2021-07-18 22:30:00',46,'iPhoneX','Panda')
,('being processed',74,1,'2021-07-18 22:30:00',47,'iPhoneX','Panda')
,('being processed',74,1,'2021-07-18 22:30:00',48,'iPhoneX','Panda')
,('being processed',74,1,'2021-07-18 22:30:00',49,'iPhoneX','Panda')
,('being processed',74,1,'2021-07-18 22:30:00',50,'iPhoneX','Panda')
,('being processed',74,1,'2021-07-18 22:30:00',51,'iPhoneX','Panda')
,('being processed',74,1,'2021-07-18 22:30:00',52,'iPhoneX','Panda')
,('being processed',74,1,'2021-07-18 22:30:00',53,'iPhoneX','Panda')
,('being processed',74,1,'2021-07-18 22:30:00',54,'iPhoneX','Panda')
,('being processed',74,1,'2021-07-18 22:30:00',55,'iPhoneX','Panda')
,('being processed',74,1,'2021-07-18 22:30:00',56,'iPhoneX','Panda')
,('being processed',74,1,'2021-07-18 22:30:00',57,'iPhoneX','Panda')
,('being processed',74,1,'2021-07-18 22:30:00',58,'iPhoneX','Panda')
,('being processed',74,1,'2021-07-18 22:30:00',59,'iPhoneX','Panda')
,('being processed',74,1,'2021-07-18 22:30:00',60,'iPhoneX','Panda')
,('being processed',74,1,'2021-07-18 22:30:00',61,'iPhoneX','Panda')
,('being processed',74,1,'2021-07-18 22:30:00',62,'iPhoneX','Panda')
,('being processed',74,1,'2021-07-18 22:30:00',63,'iPhoneX','Panda')
,('being processed',74,1,'2021-07-18 22:30:00',64,'iPhoneX','Panda')
,('being processed',74,1,'2021-07-18 22:30:00',65,'iPhoneX','Panda')
,('being processed',74,1,'2021-07-18 22:30:00',66,'iPhoneX','Panda')
,('being processed',74,1,'2021-07-18 22:30:00',67,'iPhoneX','Panda')
,('being processed',74,1,'2021-07-18 22:30:00',68,'iPhoneX','Panda')
,('being processed',74,1,'2021-07-18 22:30:00',69,'iPhoneX','Panda')
,('being processed',74,1,'2021-07-18 22:30:00',70,'iPhoneX','Panda')
,('being processed',74,1,'2021-07-18 22:30:00',71,'iPhoneX','Panda')
,('being processed',74,1,'2021-07-18 22:30:00',72,'iPhoneX','Panda')
,('being processed',74,1,'2021-07-18 22:30:00',73,'iPhoneX','Panda')
,('being processed',74,1,'2021-07-18 22:30:00',74,'iPhoneX','Panda')
,('being processed',74,1,'2021-07-18 22:30:00',75,'iPhoneX','Panda')
,('being processed',74,1,'2021-07-18 22:30:00',45,'iPhoneX','Panda')
,('being processed',74,1,'2021-07-18 22:30:00',46,'iPhoneX','Panda')
,('being processed',74,1,'2021-07-18 22:30:00',47,'iPhoneX','Panda')
,('being processed',74,1,'2021-07-18 22:30:00',48,'iPhoneX','Panda')
,('being processed',74,1,'2021-07-18 22:30:00',49,'iPhoneX','Panda')
,('being processed',74,1,'2021-07-18 22:30:00',50,'iPhoneX','Panda')
,('being processed',74,1,'2021-07-18 22:30:00',51,'iPhoneX','Panda')
,('being processed',74,1,'2021-07-18 22:30:00',52,'iPhoneX','Panda')
,('being processed',74,1,'2021-07-18 22:30:00',53,'iPhoneX','Panda')
,('being processed',74,1,'2021-07-18 22:30:00',54,'iPhoneX','Panda')
,('being processed',74,1,'2021-07-18 22:30:00',55,'iPhoneX','Panda')
,('being processed',74,1,'2021-07-18 22:30:00',56,'iPhoneX','Panda')
,('being processed',74,1,'2021-07-18 22:30:00',57,'iPhoneX','Panda')
,('being processed',74,1,'2021-07-18 22:30:00',58,'iPhoneX','Panda')
,('being processed',74,1,'2021-07-18 22:30:00',59,'iPhoneX','Panda')
,('being processed',74,1,'2021-07-18 22:30:00',60,'iPhoneX','Panda')
,('being processed',74,1,'2021-07-18 22:30:00',61,'iPhoneX','Panda')
,('being processed',74,1,'2021-07-18 22:30:00',62,'iPhoneX','Panda')
,('being processed',74,1,'2021-07-18 22:30:00',63,'iPhoneX','Panda')
,('being processed',74,1,'2021-07-18 22:30:00',64,'iPhoneX','Panda')
,('being processed',74,1,'2021-07-18 22:30:00',65,'iPhoneX','Panda')
,('being processed',74,1,'2021-07-18 22:30:00',66,'iPhoneX','Panda')
,('being processed',74,1,'2021-07-18 22:30:00',67,'iPhoneX','Panda')
,('being processed',74,1,'2021-07-18 22:30:00',68,'iPhoneX','Panda')
,('being processed',74,1,'2021-07-18 22:30:00',69,'iPhoneX','Panda')
,('being processed',74,1,'2021-07-18 22:30:00',70,'iPhoneX','Panda')
,('being processed',74,1,'2021-07-18 22:30:00',71,'iPhoneX','Panda')
,('being processed',74,1,'2021-07-18 22:30:00',72,'iPhoneX','Panda')
,('being processed',74,1,'2021-07-18 22:30:00',73,'iPhoneX','Panda')
,('being processed',74,1,'2021-07-18 22:30:00',74,'iPhoneX','Panda')
,('being processed',74,1,'2021-07-18 22:30:00',75,'iPhoneX','Panda')
,('being processed',74,1,'2021-07-18 22:30:00',45,'iPhoneX','Panda')
,('being processed',74,1,'2021-07-18 22:30:00',46,'iPhoneX','Panda')
,('being processed',74,1,'2021-07-18 22:30:00',47,'iPhoneX','Panda')
,('being processed',74,1,'2021-07-18 22:30:00',48,'iPhoneX','Panda')
,('being processed',74,1,'2021-07-18 22:30:00',49,'iPhoneX','Panda')
,('being processed',74,1,'2021-07-18 22:30:00',50,'iPhoneX','Panda')
,('being processed',74,1,'2021-07-18 22:30:00',51,'iPhoneX','Panda')
,('being processed',74,1,'2021-07-18 22:30:00',52,'iPhoneX','Panda')
,('being processed',74,1,'2021-07-18 22:30:00',53,'iPhoneX','Panda')
,('being processed',74,1,'2021-07-18 22:30:00',54,'iPhoneX','Panda')
,('being processed',74,1,'2021-07-18 22:30:00',55,'iPhoneX','Panda')
,('being processed',74,1,'2021-07-18 22:30:00',56,'iPhoneX','Panda')
,('being processed',74,1,'2021-07-18 22:30:00',57,'iPhoneX','Panda')
,('being processed',74,1,'2021-07-18 22:30:00',58,'iPhoneX','Panda')
,('being processed',74,1,'2021-07-18 22:30:00',59,'iPhoneX','Panda')
,('being processed',74,1,'2021-07-18 22:30:00',60,'iPhoneX','Panda')
,('being processed',74,1,'2021-07-18 22:30:00',61,'iPhoneX','Panda')
,('being processed',74,1,'2021-07-18 22:30:00',62,'iPhoneX','Panda')
,('being processed',74,1,'2021-07-18 22:30:00',63,'iPhoneX','Panda')
,('being processed',74,1,'2021-07-18 22:30:00',64,'iPhoneX','Panda')
,('being processed',74,1,'2021-07-18 22:30:00',65,'iPhoneX','Panda')
,('being processed',74,1,'2021-07-18 22:30:00',66,'iPhoneX','Panda')
,('being processed',74,1,'2021-07-18 22:30:00',67,'iPhoneX','Panda')
,('being processed',74,1,'2021-07-18 22:30:00',68,'iPhoneX','Panda')
,('being processed',74,1,'2021-07-18 22:30:00',69,'iPhoneX','Panda')
,('being processed',74,1,'2021-07-18 22:30:00',70,'iPhoneX','Panda')
,('being processed',74,1,'2021-07-18 22:30:00',71,'iPhoneX','Panda')
,('being processed',74,1,'2021-07-18 22:30:00',72,'iPhoneX','Panda')
,('being processed',74,1,'2021-07-18 22:30:00',73,'iPhoneX','Panda')
,('being processed',74,1,'2021-07-18 22:30:00',74,'iPhoneX','Panda')
,('being processed',74,1,'2021-07-18 22:30:00',75,'iPhoneX','Panda')
,('being processed',74,1,'2021-07-18 22:30:00',45,'iPhoneX','Panda')
,('being processed',74,1,'2021-07-18 22:30:00',46,'iPhoneX','Panda')
,('being processed',74,1,'2021-07-18 22:30:00',47,'iPhoneX','Panda')
,('being processed',74,1,'2021-07-18 22:30:00',48,'iPhoneX','Panda')
,('being processed',74,1,'2021-07-18 22:30:00',49,'iPhoneX','Panda')
,('being processed',74,1,'2021-07-18 22:30:00',50,'iPhoneX','Panda')
,('being processed',74,1,'2021-07-18 22:30:00',51,'iPhoneX','Panda')
,('being processed',74,1,'2021-07-18 22:30:00',52,'iPhoneX','Panda')
,('being processed',74,1,'2021-07-18 22:30:00',53,'iPhoneX','Panda')
,('being processed',74,1,'2021-07-18 22:30:00',54,'iPhoneX','Panda')
,('being processed',74,1,'2021-07-18 22:30:00',55,'iPhoneX','Panda')
,('being processed',74,1,'2021-07-18 22:30:00',56,'iPhoneX','Panda')
,('being processed',74,1,'2021-07-18 22:30:00',57,'iPhoneX','Panda')
,('being processed',74,1,'2021-07-18 22:30:00',58,'iPhoneX','Panda')
,('being processed',74,1,'2021-07-18 22:30:00',59,'iPhoneX','Panda')
,('being processed',74,1,'2021-07-18 22:30:00',60,'iPhoneX','Panda')
,('being processed',74,1,'2021-07-18 22:30:00',61,'iPhoneX','Panda')
,('being processed',74,1,'2021-07-16 22:30:00',62,'iPhoneX','Panda')
,('being processed',74,1,'2021-07-17 22:30:00',63,'iPhoneX','Panda')
,('being processed',74,1,'2021-07-18 22:30:00',64,'iPhoneX','Panda')
,('being processed',74,1,'2021-07-19 22:30:00',65,'iPhoneX','Panda')
,('being processed',74,1,'2021-07-20 22:30:00',66,'iPhoneX','Panda')
,('being processed',74,1,'2021-07-21 22:30:00',67,'iPhoneX','Panda')
,('being processed',74,1,'2021-07-22 22:30:00',68,'iPhoneX','Panda')
,('being processed',74,1,'2021-07-23 22:30:00',69,'iPhoneX','Panda')
,('being processed',74,1,'2021-07-24 22:30:00',70,'iPhoneX','Panda')
,('being processed',74,1,'2021-07-25 22:30:00',71,'iPhoneX','Panda')
,('being processed',74,1,'2021-07-26 22:30:00',72,'iPhoneX','Panda')
,('being processed',74,1,'2021-07-27 22:30:00',73,'iPhoneX','Panda')
,('being processed',74,1,'2021-07-28 22:30:00',74,'iPhoneX','Panda')
,('being processed',74,1,'2021-07-29 22:30:00',75,'iPhoneX','Panda')
,('being processed',74,1,'2021-07-30 22:30:00',45,'iPhoneX','Panda')
,('being processed',74,1,'2021-07-31 22:30:00',46,'iPhoneX','Panda')
,('being processed',74,1,'2021-08-01 22:30:00',47,'iPhoneX','Panda')
,('being processed',74,1,'2021-08-02 22:30:00',48,'iPhoneX','Panda')
,('being processed',74,1,'2021-08-03 22:30:00',49,'iPhoneX','Panda')
,('being processed',74,1,'2021-08-04 22:30:00',50,'iPhoneX','Panda')
,('being processed',74,1,'2021-08-05 22:30:00',51,'iPhoneX','Panda')
,('being processed',74,1,'2021-08-06 22:30:00',52,'iPhoneX','Panda')
,('being processed',74,1,'2021-08-07 22:30:00',53,'iPhoneX','Panda')
,('being processed',74,1,'2021-08-08 22:30:00',54,'iPhoneX','Panda')
,('being processed',74,1,'2021-08-09 22:30:00',55,'iPhoneX','Panda')
,('being processed',74,1,'2021-08-10 22:30:00',56,'iPhoneX','Panda')
,('being processed',74,1,'2021-08-11 22:30:00',57,'iPhoneX','Panda')
,('being processed',74,1,'2021-08-12 22:30:00',58,'iPhoneX','Panda')
,('being processed',74,1,'2021-08-13 22:30:00',59,'iPhoneX','Panda')
,('being processed',74,1,'2021-08-14 22:30:00',60,'iPhoneX','Panda')
,('being processed',74,1,'2021-08-15 22:30:00',61,'iPhoneX','Panda')
,('being processed',74,1,'2021-08-16 22:30:00',62,'iPhoneX','Panda')
,('being processed',74,1,'2021-08-17 22:30:00',63,'iPhoneX','Panda')
,('being processed',74,1,'2021-08-18 22:30:00',64,'iPhoneX','Panda')
,('being processed',74,1,'2021-08-19 22:30:00',65,'iPhoneX','Panda')
,('being processed',74,1,'2021-08-20 22:30:00',66,'iPhoneX','Panda')
,('being processed',74,1,'2021-08-21 22:30:00',67,'iPhoneX','Panda')
,('being processed',74,1,'2021-08-22 22:30:00',68,'iPhoneX','Panda')
,('being processed',74,1,'2021-08-23 22:30:00',69,'iPhoneX','Panda')
,('being processed',74,1,'2021-08-24 22:30:00',70,'iPhoneX','Panda')
,('being processed',74,1,'2021-08-25 22:30:00',71,'iPhoneX','Panda')
,('being processed',74,1,'2021-08-26 22:30:00',72,'iPhoneX','Panda')
,('being processed',74,1,'2021-08-27 22:30:00',73,'iPhoneX','Panda')
,('being processed',74,1,'2021-08-28 22:30:00',74,'iPhoneX','Panda')
,('being processed',74,1,'2021-08-29 22:30:00',75,'iPhoneX','Panda')
,('being processed',74,1,'2021-08-30 22:30:00',45,'iPhoneX','Panda')
,('being processed',74,1,'2021-08-31 22:30:00',46,'iPhoneX','Panda')
,('being processed',74,1,'2021-09-01 22:30:00',47,'iPhoneX','Panda')
,('being processed',74,1,'2021-09-02 22:30:00',48,'iPhoneX','Panda')
,('being processed',74,1,'2021-09-03 22:30:00',49,'iPhoneX','Panda')
,('being processed',74,1,'2021-09-04 22:30:00',50,'iPhoneX','Panda')
,('being processed',74,1,'2021-09-05 22:30:00',51,'iPhoneX','Panda')
,('being processed',74,1,'2021-09-06 22:30:00',52,'iPhoneX','Panda')
,('being processed',74,1,'2021-09-07 22:30:00',53,'iPhoneX','Panda')
,('being processed',74,1,'2021-09-08 22:30:00',54,'iPhoneX','Panda')
,('being processed',74,1,'2021-09-09 22:30:00',55,'iPhoneX','Panda')
,('being processed',74,1,'2021-09-10 22:30:00',56,'iPhoneX','Panda')
,('being processed',74,1,'2021-08-04 22:30:00',45,'iPad','Panda')
,('being processed',74,1,'2021-08-04 22:30:00',46,'iPad','Panda')
,('being processed',74,1,'2021-08-04 22:30:00',47,'iPad','Panda')
,('being processed',74,1,'2021-08-04 22:30:00',48,'iPad','Panda')
,('being processed',74,1,'2021-08-04 22:30:00',49,'iPad','Panda')
,('being processed',74,1,'2021-08-04 22:30:00',50,'iPad','Panda')
,('being processed',74,1,'2021-08-04 22:30:00',51,'iPad','Panda')
,('being processed',74,1,'2021-08-04 22:30:00',52,'iPad','Panda')
,('being processed',74,1,'2021-08-04 22:30:00',53,'iPad','Panda')
,('being processed',74,1,'2021-08-04 22:30:00',54,'iPad','Panda')
,('being processed',74,1,'2021-08-04 22:30:00',55,'iPad','Panda')
,('being processed',74,1,'2021-08-04 22:30:00',56,'iPad','Panda')
,('being processed',74,1,'2021-08-04 22:30:00',57,'iPad','Panda')
,('being processed',74,1,'2021-08-04 22:30:00',58,'iPad','Panda')
,('being processed',74,1,'2021-08-04 22:30:00',59,'iPad','Panda')
,('being processed',74,1,'2021-08-04 22:30:00',60,'iPad','Panda')
,('being processed',74,1,'2021-08-04 22:30:00',61,'iPad','Panda')
,('being processed',74,1,'2021-08-04 22:30:00',62,'iPad','Panda')
,('being processed',74,1,'2021-08-04 22:30:00',63,'iPad','Panda')
,('being processed',74,1,'2021-08-04 22:30:00',64,'iPad','Panda')
,('being processed',74,1,'2021-08-04 22:30:00',65,'iPad','Panda')
,('being processed',74,1,'2021-08-04 22:30:00',66,'iPad','Panda')
,('being processed',74,1,'2021-08-04 22:30:00',67,'iPad','Panda')
,('being processed',74,1,'2021-08-04 22:30:00',68,'iPad','Panda')
,('being processed',74,1,'2021-08-04 22:30:00',69,'iPad','Panda')
,('being processed',74,1,'2021-08-04 22:30:00',70,'iPad','Panda')
,('being processed',74,1,'2021-08-04 22:30:00',71,'iPad','Panda')
,('being processed',74,1,'2021-08-04 22:30:00',72,'iPad','Panda')
,('being processed',74,1,'2021-08-04 22:30:00',73,'iPad','Panda')
,('being processed',74,1,'2021-08-04 22:30:00',74,'iPad','Panda')
,('being processed',74,1,'2021-08-04 22:30:00',75,'iPad','Panda')
,('being processed',74,1,'2021-08-04 22:30:00',45,'iPad','Panda')
,('being processed',74,1,'2021-08-04 22:30:00',46,'iPad','Panda')
,('being processed',74,1,'2021-08-04 22:30:00',47,'iPad','Panda')
,('being processed',74,1,'2021-08-04 22:30:00',48,'iPad','Panda')
,('being processed',74,1,'2021-08-04 22:30:00',49,'iPad','Panda')
,('being processed',74,1,'2021-08-04 22:30:00',50,'iPad','Panda')
,('being processed',74,1,'2021-08-04 22:30:00',51,'iPad','Panda')
,('being processed',74,1,'2021-08-04 22:30:00',52,'iPad','Panda')
,('being processed',74,1,'2021-08-04 22:30:00',53,'iPad','Panda')
,('being processed',74,1,'2021-08-04 22:30:00',54,'iPad','Panda')
,('being processed',74,1,'2021-08-04 22:30:00',55,'iPad','Panda')
,('being processed',74,1,'2021-08-04 22:30:00',56,'iPad','Panda')
,('being processed',74,1,'2021-08-04 22:30:00',57,'iPad','Panda')
,('being processed',74,1,'2021-08-04 22:30:00',58,'iPad','Panda')
,('being processed',74,1,'2021-08-04 22:30:00',59,'iPad','Panda')
,('being processed',74,1,'2021-08-04 22:30:00',60,'iPad','Panda')
,('being processed',74,1,'2021-08-04 22:30:00',61,'iPad','Panda')
,('being processed',74,1,'2021-08-04 22:30:00',62,'iPad','Panda')
,('being processed',74,1,'2021-08-04 22:30:00',63,'iPad','Panda')
,('being processed',74,1,'2021-08-04 22:30:00',64,'iPad','Panda')
,('being processed',74,1,'2021-08-04 22:30:00',65,'iPad','Panda')
,('being processed',74,1,'2021-08-04 22:30:00',66,'iPad','Panda')
,('being processed',74,1,'2021-08-04 22:30:00',67,'iPad','Panda')
,('being processed',74,1,'2021-08-04 22:30:00',68,'iPad','Panda')
,('being processed',74,1,'2021-08-04 22:30:00',69,'iPad','Panda')
,('being processed',74,1,'2021-08-04 22:30:00',70,'iPad','Panda')
,('being processed',74,1,'2021-08-04 22:30:00',71,'iPad','Panda')
,('being processed',74,1,'2021-08-04 22:30:00',72,'iPad','Panda')
,('being processed',74,1,'2021-08-04 22:30:00',73,'iPad','Panda')
,('being processed',74,1,'2021-08-04 22:30:00',74,'iPad','Panda')
,('being processed',74,1,'2021-08-04 22:30:00',75,'iPad','Panda')
,('being processed',74,1,'2021-08-04 22:30:00',45,'iPad','Panda')
,('being processed',74,1,'2021-08-04 22:30:00',46,'iPad','Panda')
,('being processed',74,1,'2021-08-04 22:30:00',47,'iPad','Panda')
,('being processed',74,1,'2021-08-04 22:30:00',48,'iPad','Panda')
,('being processed',74,1,'2021-08-04 22:30:00',49,'iPad','Panda')
,('being processed',74,1,'2021-08-04 22:30:00',50,'iPad','Panda')
,('being processed',74,1,'2021-08-04 22:30:00',51,'iPad','Panda')
,('being processed',74,1,'2021-08-04 22:30:00',52,'iPad','Panda')
,('being processed',74,1,'2021-08-04 22:30:00',53,'iPad','Panda')
,('being processed',74,1,'2021-08-04 22:30:00',54,'iPad','Panda')
,('being processed',74,1,'2021-08-04 22:30:00',55,'iPad','Panda')
,('being processed',74,1,'2021-08-04 22:30:00',56,'iPad','Panda')
,('being processed',74,1,'2021-08-04 22:30:00',57,'iPad','Panda')
,('being processed',74,1,'2021-08-04 22:30:00',58,'iPad','Panda')
,('being processed',74,1,'2021-08-04 22:30:00',59,'iPad','Panda')
,('being processed',74,1,'2021-08-04 22:30:00',60,'iPad','Panda')
,('being processed',74,1,'2021-08-04 22:30:00',61,'iPad','Panda')
,('being processed',74,1,'2021-08-04 22:30:00',62,'iPad','Panda')
,('being processed',74,1,'2021-08-04 22:30:00',63,'iPad','Panda')
,('being processed',74,1,'2021-08-04 22:30:00',64,'iPad','Panda')
,('being processed',74,1,'2021-08-04 22:30:00',65,'iPad','Panda')
,('being processed',74,1,'2021-08-04 22:30:00',66,'iPad','Panda')
,('being processed',74,1,'2021-08-04 22:30:00',67,'iPad','Panda')
,('being processed',74,1,'2021-08-04 22:30:00',68,'iPad','Panda')
,('being processed',74,1,'2021-08-04 22:30:00',69,'iPad','Panda')
,('being processed',74,1,'2021-08-04 22:30:00',70,'iPad','Panda')
,('being processed',74,1,'2021-08-04 22:30:00',71,'iPad','Panda')
,('being processed',74,1,'2021-08-04 22:30:00',72,'iPad','Panda')
,('being processed',74,1,'2021-08-04 22:30:00',73,'iPad','Panda')
,('being processed',74,1,'2021-08-04 22:30:00',74,'iPad','Panda')
,('being processed',74,1,'2021-08-04 22:30:00',75,'iPad','Panda')
,('being processed',74,1,'2021-08-04 22:30:00',45,'iPad','Panda')
,('being processed',74,1,'2021-08-04 22:30:00',46,'iPad','Panda')
,('being processed',74,1,'2021-08-04 22:30:00',47,'iPad','Panda')
,('being processed',74,1,'2021-08-04 22:30:00',48,'iPad','Panda')
,('being processed',74,1,'2021-08-04 22:30:00',49,'iPad','Panda')
,('being processed',74,1,'2021-08-04 22:30:00',50,'iPad','Panda')
,('being processed',74,1,'2021-08-04 22:30:00',51,'iPad','Panda')
,('being processed',74,1,'2021-08-04 22:30:00',52,'iPad','Panda')
,('being processed',74,1,'2021-08-04 22:30:00',53,'iPad','Panda')
,('being processed',74,1,'2021-08-04 22:30:00',54,'iPad','Panda')
,('being processed',74,1,'2021-08-04 22:30:00',55,'iPad','Panda')
,('being processed',74,1,'2021-08-04 22:30:00',56,'iPad','Panda')
,('being processed',74,1,'2021-08-04 22:30:00',57,'iPad','Panda')
,('being processed',74,1,'2021-08-04 22:30:00',58,'iPad','Panda')
,('being processed',74,1,'2021-08-04 22:30:00',59,'iPad','Panda')
,('being processed',74,1,'2021-08-04 22:30:00',60,'iPad','Panda')
,('being processed',74,1,'2021-08-04 22:30:00',61,'iPad','Panda')
,('being processed',74,1,'2021-08-04 22:30:00',62,'iPad','Panda')
,('being processed',74,1,'2021-08-04 22:30:00',63,'iPad','Panda')
,('being processed',74,1,'2021-08-04 22:30:00',64,'iPad','Panda')
,('being processed',74,1,'2021-08-04 22:30:00',65,'iPad','Panda')
,('being processed',74,1,'2021-08-04 22:30:00',66,'iPad','Panda')
,('being processed',74,1,'2021-08-04 22:30:00',67,'iPad','Panda')
,('being processed',74,1,'2021-08-04 22:30:00',68,'iPad','Panda')
,('being processed',74,1,'2021-08-04 22:30:00',69,'iPad','Panda')
,('being processed',74,1,'2021-08-04 22:30:00',70,'iPad','Panda')
,('being processed',74,1,'2021-08-04 22:30:00',71,'iPad','Panda')
,('being processed',74,1,'2021-08-04 22:30:00',72,'iPad','Panda')
,('being processed',74,1,'2021-08-04 22:30:00',73,'iPad','Panda')
,('being processed',74,1,'2021-08-04 22:30:00',74,'iPad','Panda')
,('being processed',74,1,'2021-08-04 22:30:00',75,'iPad','Panda')
,('being processed',74,1,'2021-08-04 22:30:00',45,'iPad','Panda')
,('being processed',74,1,'2021-08-04 22:30:00',46,'iPad','Panda')
,('being processed',74,1,'2021-08-04 22:30:00',47,'iPad','Panda')
,('being processed',74,1,'2021-08-04 22:30:00',48,'iPad','Panda')
,('being processed',74,1,'2021-08-04 22:30:00',49,'iPad','Panda')
,('delivered',74,1,'2021-08-09 22:30:00',49,'GalaxyZFlip','Panda')
,('delivered',74,1,'2021-08-09 22:30:00',50,'GalaxyZFlip','Panda')
,('delivered',74,1,'2021-08-09 22:30:00',51,'GalaxyZFlip','Panda')
,('delivered',74,1,'2021-08-09 22:30:00',52,'GalaxyZFlip','Panda')
,('delivered',74,1,'2021-08-09 22:30:00',53,'GalaxyZFlip','Panda')
,('delivered',74,1,'2021-08-09 22:30:00',54,'GalaxyZFlip','Panda')
,('delivered',74,1,'2021-08-09 22:30:00',55,'GalaxyZFlip','Panda')
,('delivered',74,1,'2021-08-09 22:30:00',56,'GalaxyZFlip','Panda')
,('delivered',74,1,'2021-08-09 22:30:00',57,'GalaxyZFlip','Panda')
,('delivered',74,1,'2021-08-09 22:30:00',58,'GalaxyZFlip','Panda')
,('delivered',74,1,'2021-08-09 22:30:00',59,'GalaxyZFlip','Panda')
,('delivered',74,1,'2021-08-09 22:30:00',60,'GalaxyZFlip','Panda')
,('delivered',74,1,'2021-08-09 22:30:00',61,'GalaxyZFlip','Panda')
,('delivered',74,1,'2021-08-09 22:30:00',62,'GalaxyZFlip','Panda')
,('delivered',74,1,'2021-08-09 22:30:00',63,'GalaxyZFlip','Panda')
,('delivered',74,1,'2021-08-09 22:30:00',64,'GalaxyZFlip','Panda')
,('delivered',74,1,'2021-08-09 22:30:00',65,'GalaxyZFlip','Panda')
,('delivered',74,1,'2021-08-09 22:30:00',66,'GalaxyZFlip','Panda')
,('delivered',74,1,'2021-08-09 22:30:00',67,'GalaxyZFlip','Panda')
,('delivered',74,1,'2021-08-09 22:30:00',68,'GalaxyZFlip','Panda')
,('delivered',74,1,'2021-08-09 22:30:00',69,'GalaxyZFlip','Panda')
,('delivered',74,1,'2021-08-09 22:30:00',70,'GalaxyZFlip','Panda')
,('delivered',74,1,'2021-08-09 22:30:00',71,'GalaxyZFlip','Panda')
,('delivered',74,1,'2021-08-09 22:30:00',72,'GalaxyZFlip','Panda')
,('delivered',74,1,'2021-08-09 22:30:00',73,'GalaxyZFlip','Panda')
,('delivered',74,1,'2021-08-09 22:30:00',74,'GalaxyZFlip','Panda')
,('delivered',74,1,'2021-08-09 22:30:00',75,'GalaxyZFlip','Panda')
,('delivered',74,1,'2021-08-09 22:30:00',45,'GalaxyZFlip','Panda')
,('delivered',74,1,'2021-08-09 22:30:00',46,'GalaxyZFlip','Panda')
,('delivered',74,1,'2021-08-09 22:30:00',47,'GalaxyZFlip','Panda')
,('delivered',74,1,'2021-08-09 22:30:00',48,'GalaxyZFlip','Panda')
,('delivered',74,1,'2021-08-09 22:30:00',49,'GalaxyZFlip','Panda')
,('delivered',74,1,'2021-08-09 22:30:00',50,'GalaxyZFlip','Panda')
,('delivered',74,1,'2021-08-09 22:30:00',51,'GalaxyZFlip','Panda')
,('delivered',74,1,'2021-08-09 22:30:00',52,'GalaxyZFlip','Panda')
,('delivered',74,1,'2021-08-09 22:30:00',53,'GalaxyZFlip','Panda')
,('delivered',74,1,'2021-08-09 22:30:00',54,'GalaxyZFlip','Panda')
,('delivered',74,1,'2021-08-09 22:30:00',55,'GalaxyZFlip','Panda')
,('delivered',74,1,'2021-08-09 22:30:00',56,'GalaxyZFlip','Panda')
,('delivered',74,1,'2021-08-09 22:30:00',57,'GalaxyZFlip','Panda')
,('delivered',74,1,'2021-08-09 22:30:00',58,'GalaxyZFlip','Panda')
,('delivered',74,1,'2021-08-09 22:30:00',59,'GalaxyZFlip','Panda')
,('delivered',74,1,'2021-08-09 22:30:00',60,'GalaxyZFlip','Panda')
,('delivered',74,1,'2021-08-09 22:30:00',61,'GalaxyZFlip','Panda')
,('delivered',74,1,'2021-08-09 22:30:00',62,'GalaxyZFlip','Panda')
,('delivered',74,1,'2021-08-09 22:30:00',63,'GalaxyZFlip','Panda')
,('delivered',74,1,'2021-08-09 22:30:00',64,'GalaxyZFlip','Panda')
,('delivered',74,1,'2021-08-09 22:30:00',65,'GalaxyZFlip','Panda')
,('delivered',74,1,'2021-08-09 22:30:00',66,'GalaxyZFlip','Panda')
,('delivered',74,1,'2021-08-09 22:30:00',67,'GalaxyZFlip','Panda')
,('delivered',74,1,'2021-08-09 22:30:00',68,'GalaxyZFlip','Panda')
,('delivered',74,1,'2021-08-09 22:30:00',69,'GalaxyZFlip','Panda')
,('delivered',74,1,'2021-08-09 22:30:00',70,'GalaxyZFlip','Panda')
,('delivered',74,1,'2021-08-09 22:30:00',71,'GalaxyZFlip','Panda')
,('delivered',74,1,'2021-08-09 22:30:00',72,'GalaxyZFlip','Panda')
,('delivered',74,1,'2021-08-09 22:30:00',73,'GalaxyZFlip','Panda')
,('delivered',74,1,'2021-08-09 22:30:00',74,'GalaxyZFlip','Panda')
,('delivered',74,1,'2021-08-09 22:30:00',75,'GalaxyZFlip','Panda')
,('delivered',74,1,'2021-08-09 22:30:00',45,'GalaxyZFlip','Panda')
,('delivered',74,1,'2021-08-09 22:30:00',46,'GalaxyZFlip','Panda')
,('delivered',74,1,'2021-08-09 22:30:00',47,'GalaxyZFlip','Panda')
,('delivered',74,1,'2021-08-09 22:30:00',48,'GalaxyZFlip','Panda')
,('delivered',74,1,'2021-08-09 22:30:00',49,'GalaxyZFlip','Panda')
,('delivered',74,1,'2021-08-09 22:30:00',50,'GalaxyZFlip','Panda')
,('delivered',74,1,'2021-08-09 22:30:00',51,'GalaxyZFlip','Panda')
,('delivered',74,1,'2021-08-09 22:30:00',52,'GalaxyZFlip','Panda')
,('delivered',74,1,'2021-08-09 22:30:00',53,'GalaxyZFlip','Panda')
,('delivered',74,1,'2021-08-09 22:30:00',54,'GalaxyZFlip','Panda')
,('delivered',74,1,'2021-08-09 22:30:00',55,'GalaxyZFlip','Panda')
,('delivered',74,1,'2021-08-09 22:30:00',56,'GalaxyZFlip','Panda')
,('delivered',74,1,'2021-08-09 22:30:00',57,'GalaxyZFlip','Panda')
,('delivered',74,1,'2021-08-09 22:30:00',58,'GalaxyZFlip','Panda')
,('delivered',74,1,'2021-08-09 22:30:00',59,'GalaxyZFlip','Panda')
,('delivered',74,1,'2021-08-09 22:30:00',60,'GalaxyZFlip','Panda')
,('delivered',74,1,'2021-08-09 22:30:00',61,'GalaxyZFlip','Panda')
,('delivered',74,1,'2021-08-09 22:30:00',62,'GalaxyZFlip','Panda')
,('delivered',74,1,'2021-08-09 22:30:00',63,'GalaxyZFlip','Panda')
,('delivered',74,1,'2021-08-09 22:30:00',64,'GalaxyZFlip','Panda')
,('delivered',74,1,'2021-08-09 22:30:00',65,'GalaxyZFlip','Panda')
,('delivered',74,1,'2021-08-09 22:30:00',66,'GalaxyZFlip','Panda')
,('delivered',74,1,'2021-08-09 22:30:00',67,'GalaxyZFlip','Panda')
,('delivered',74,1,'2021-08-09 22:30:00',68,'GalaxyZFlip','Panda')
,('delivered',74,1,'2021-08-09 22:30:00',69,'GalaxyZFlip','Panda')
,('delivered',74,1,'2021-08-09 22:30:00',70,'GalaxyZFlip','Panda')
,('delivered',74,1,'2021-08-09 22:30:00',71,'GalaxyZFlip','Panda')
,('delivered',74,1,'2021-08-09 22:30:00',72,'GalaxyZFlip','Panda')
,('delivered',74,1,'2021-08-09 22:30:00',73,'GalaxyZFlip','Panda')
,('delivered',74,1,'2021-08-09 22:30:00',74,'GalaxyZFlip','Panda')
,('delivered',74,1,'2021-08-09 22:30:00',75,'GalaxyZFlip','Panda')
,('delivered',74,1,'2021-08-09 22:30:00',45,'GalaxyZFlip','Panda')
,('delivered',74,1,'2021-08-09 22:30:00',46,'GalaxyZFlip','Panda')
,('delivered',74,1,'2021-08-09 22:30:00',47,'GalaxyZFlip','Panda')
,('delivered',74,1,'2021-08-09 22:30:00',48,'GalaxyZFlip','Panda')
,('delivered',74,1,'2021-08-09 22:30:00',49,'GalaxyZFlip','Panda')
,('delivered',250,8,'2021-08-09 22:30:00',53,'GalaxyZFlip','Panda')
,('being processed',250,5,'2021-10-10 22:30:00',191,'iPhoneX','Panda')
,('being processed',250,5,'2021-10-10 22:30:00',191,'GalaxyZFlip','Panda')
,('being processed',250,5,'2021-10-13 22:30:00',194,'iPad','Panda')
,('being processed',500,10,'2021-10-10 22:30:00',201,'iPhoneX','Panda')
,('being processed',500,10,'2021-10-10 22:30:00',201,'GalaxyZFlip','Panda')
,('being processed',500,10,'2021-10-10 22:30:00',201,'iPad','Panda')
,('being processed',1000,20,'2021-11-18 22:30:00',211,'iPhoneX','Panda')
,('being processed',1000,20,'2021-11-19 22:30:00',212,'GalaxyZFlip','Panda')
,('being processed',1000,20,'2021-11-18 22:30:00',211,'iPad','Panda')





INSERT INTO FEEDBACKS(UserID,PName,SName,OrderID,Rating,Date_time,Comment) VALUES
 (1,'IPhoneX','Hello',1,5,'2021-08-09 00:00:00','good')
,(1,'IPhoneX','Hello',2,5,'2021-08-09 00:00:00','good')
,(1,'IPhoneX','Hello',3,5,'2021-08-09 00:00:00','good')
,(1,'IPhoneX','Hello',4,5,'2021-08-09 00:00:00','good')
,(1,'IPhoneX','Hello',5,5,'2021-08-09 00:00:00','good')
,(1,'IPhoneX','Hello',6,5,'2021-08-09 00:00:00','good')
,(1,'IPhoneX','Hello',7,5,'2021-08-09 00:00:00','good')
,(1,'IPhoneX','Hello',8,5,'2021-08-09 00:00:00','good')
,(1,'IPhoneX','Hello',9,5,'2021-08-09 00:00:00','good')
,(1,'IPhoneX','Hello',10,5,'2021-08-09 00:00:00','good')
,(1,'IPhoneX','Hello',11,5,'2021-08-09 00:00:00','good')
,(1,'IPhoneX','Hello',12,5,'2021-08-09 00:00:00','good')
,(2,'IPad','Panda',40,5,'2021-08-09 00:00:00','good')
,(2,'IPad','Panda',41,5,'2021-08-09 00:00:00','good')
,(9,'IPad','Panda',42,5,'2021-08-09 00:00:00','good')
,(9,'IPad','Panda',43,5,'2021-08-09 00:00:00','good')
,(9,'IPad','Panda',44,5,'2021-08-09 00:00:00','good')
,(9,'IPad','Panda',45,5,'2021-08-09 00:00:00','good')
,(9,'IPad','Panda',46,5,'2021-08-09 00:00:00','good')
,(9,'IPad','Panda',47,5,'2021-08-09 00:00:00','good')
,(9,'IPad','Panda',48,5,'2021-08-09 00:00:00','good')
,(9,'IPad','Panda',49,5,'2021-08-09 00:00:00','good')
,(9,'IPad','Panda',50,5,'2021-08-09 00:00:00','good')
,(9,'IPad','Panda',51,5,'2021-08-09 00:00:00','good')
,(9,'IPad','Panda',52,5,'2021-08-09 00:00:00','good')
,(9,'IPad','Panda',53,5,'2021-08-09 00:00:00','good')
,(9,'IPad','Panda',54,5,'2021-08-09 00:00:00','good')
,(9,'IPad','Panda',55,5,'2021-08-09 00:00:00','good')
,(9,'IPad','Panda',56,5,'2021-08-09 00:00:00','good')
,(9,'IPad','Panda',57,5,'2021-08-09 00:00:00','good')
,(9,'IPad','Panda',58,5,'2021-08-09 00:00:00','good')
,(9,'IPad','Karousell',59,5,'2021-08-09 00:00:00','good')
,(9,'IPad','Karousell',49,5,'2021-08-09 00:00:00','good')
,(9,'IPad','Karousell',50,5,'2021-08-09 00:00:00','good')
,(9,'IPad','Karousell',51,5,'2021-08-09 00:00:00','good')
,(9,'IPad','Karousell',52,5,'2021-08-09 00:00:00','good')
,(9,'IPad','Karousell',53,5,'2021-08-09 00:00:00','good')
,(3,'IPad','Karousell',54,5,'2021-08-09 00:00:00','good')
,(3,'IPad','Karousell',55,5,'2021-08-09 00:00:00','good')
,(3,'IPad','Karousell',56,5,'2021-08-09 00:00:00','good')
,(3,'IPad','Karousell',57,5,'2021-08-09 00:00:00','good')
,(3,'IPad','Karousell',58,5,'2021-08-09 00:00:00','good')
,(3,'IPad','Karousell',59,5,'2021-08-09 00:00:00','good')
,(10,'IPad','Karousell',60,5,'2021-08-09 00:00:00','good')
,(10,'IPad','Karousell',61,5,'2021-08-09 00:00:00','good')
,(10,'IPad','Karousell',62,5,'2021-08-09 00:00:00','good')
,(10,'IPad','Karousell',63,5,'2021-08-09 00:00:00','good')
,(10,'IPad','Karousell',64,5,'2021-08-09 00:00:00','good')
,(10,'IPad','Karousell',65,5,'2021-08-09 00:00:00','good')
,(10,'IPad','Karousell',66,5,'2021-08-09 00:00:00','good')
,(10,'IPad','Karousell',67,5,'2021-08-09 00:00:00','good')
,(10,'IPad','Karousell',68,5,'2021-08-09 00:00:00','good')
,(10,'IPad','Karousell',69,5,'2021-08-09 00:00:00','good')
,(4,'IPad','Karousell',70,5,'2021-08-09 00:00:00','good')
,(4,'IPad','Karousell',71,5,'2021-08-09 00:00:00','good')
,(4,'IPad','Karousell',72,5,'2021-08-09 00:00:00','good')
,(4,'IPad','Karousell',73,5,'2021-08-09 00:00:00','good')
,(4,'IPad','Karousell',74,5,'2021-08-09 00:00:00','good')
,(10,'IPad','Karousell',75,5,'2021-08-09 00:00:00','good')
,(10,'IPad','Karousell',76,5,'2021-08-09 00:00:00','good')
,(10,'IPad','Karousell',77,5,'2021-08-09 00:00:00','good')
,(10,'IPad','Karousell',78,5,'2021-08-09 00:00:00','good')
,(10,'IPad','Karousell',79,5,'2021-08-09 00:00:00','good')
,(4,'IPad','Karousell',80,5,'2021-08-09 00:00:00','good')
,(4,'IPad','Karousell',81,5,'2021-08-09 00:00:00','good')
,(4,'IPad','Karousell',82,5,'2021-08-09 00:00:00','good')
,(4,'IPad','Karousell',83,5,'2021-08-09 00:00:00','good')
,(4,'IPad','Karousell',84,5,'2021-08-09 00:00:00','good')
,(4,'IPad','Karousell',85,5,'2021-08-09 00:00:00','good')
,(4,'IPad','Karousell',86,5,'2021-08-09 00:00:00','good')
,(4,'IPad','Karousell',87,5,'2021-08-09 00:00:00','good')
,(4,'IPad','Karousell',88,5,'2021-08-09 00:00:00','good')
,(4,'IPad','Karousell',89,5,'2021-08-09 00:00:00','good')
,(4,'IPad','Karousell',90,5,'2021-08-09 00:00:00','good')
,(4,'IPad','Karousell',91,5,'2021-08-09 00:00:00','good')
,(4,'IPad','Karousell',92,5,'2021-08-09 00:00:00','good')
,(4,'IPad','Karousell',93,5,'2021-08-09 00:00:00','good')
,(4,'IPad','Karousell',94,5,'2021-08-09 00:00:00','good')
,(4,'IPad','Karousell',95,5,'2021-08-09 00:00:00','good')
,(4,'IPad','Karousell',96,5,'2021-08-09 00:00:00','good')
,(4,'IPad','Karousell',97,5,'2021-08-09 00:00:00','good')
,(4,'IPad','Karousell',98,5,'2021-08-09 00:00:00','good')
,(4,'IPad','Karousell',99,5,'2021-08-09 00:00:00','good')
,(4,'IPad','Karousell',100,5,'2021-08-09 00:00:00','good')
,(5,'IPad','Karousell',101,5,'2021-08-09 00:00:00','good')
,(5,'IPad','Karousell',102,5,'2021-08-09 00:00:00','good')
,(5,'IPad','Karousell',103,5,'2021-08-09 00:00:00','good')
,(5,'IPad','Karousell',104,5,'2021-08-09 00:00:00','good')
,(5,'IPad','Karousell',105,5,'2021-08-09 00:00:00','good')
,(5,'IPad','Karousell',106,5,'2021-08-09 00:00:00','good')
,(5,'IPad','Karousell',107,5,'2021-08-09 00:00:00','good')
,(5,'IPad','Karousell',108,5,'2021-08-09 00:00:00','good')
,(5,'IPad','Karousell',109,5,'2021-08-09 00:00:00','good')
,(5,'IPad','Karousell',110,5,'2021-08-09 00:00:00','good')
,(6,'IPad','Karousell',111,5,'2021-08-09 00:00:00','good')
,(6,'IPad','Karousell',112,5,'2021-08-09 00:00:00','good')
,(6,'IPad','Karousell',113,5,'2021-08-09 00:00:00','good')
,(6,'IPad','Karousell',114,5,'2021-08-09 00:00:00','good')
,(6,'IPad','Karousell',115,5,'2021-08-09 00:00:00','good')
,(6,'IPad','Karousell',116,5,'2021-08-09 00:00:00','good')
,(6,'IPad','Karousell',117,3,'2021-08-09 00:00:00','meh')
,(6,'IPad','Karousell',118,3,'2021-08-09 00:00:00','meh')
,(6,'IPad','Karousell',119,3,'2021-08-09 00:00:00','meh')
,(6,'IPad','Karousell',120,3,'2021-08-09 00:00:00','meh')
,(6,'IPad','Karousell',121,3,'2021-08-09 00:00:00','meh')
,(6,'IPad','Karousell',122,3,'2021-08-09 00:00:00','meh')
,(6,'IPad','Karousell',123,3,'2021-08-09 00:00:00','meh')
,(6,'IPad','Karousell',124,3,'2021-08-09 00:00:00','meh')
,(6,'IPad','Karousell',125,3,'2021-08-09 00:00:00','meh')
,(6,'IPad','Karousell',126,3,'2021-08-09 00:00:00','meh')
,(6,'IPad','Karousell',127,3,'2021-08-09 00:00:00','meh')
,(6,'IPad','Karousell',128,3,'2021-08-09 00:00:00','meh')
,(6,'IPad','Karousell',129,3,'2021-08-09 00:00:00','meh')
,(7,'IPad','Karousell',130,3,'2021-08-09 00:00:00','meh')
,(7,'IPad','Karousell',131,3,'2021-08-09 00:00:00','meh')
,(7,'IPad','Karousell',132,3,'2021-08-09 00:00:00','meh')
,(7,'IPad','Karousell',133,3,'2021-08-09 00:00:00','meh')
,(7,'IPad','Karousell',134,3,'2021-08-09 00:00:00','meh')
,(7,'IPad','Karousell',135,3,'2021-08-09 00:00:00','meh')
,(7,'IPad','Karousell',136,3,'2021-08-09 00:00:00','meh')
,(7,'IPad','Karousell',137,3,'2021-08-09 00:00:00','meh')
,(7,'IPad','Karousell',138,3,'2021-08-09 00:00:00','meh')
,(7,'IPad','Karousell',1,2,'2021-08-09 00:00:00','bad')
,(7,'IPad','Karousell',2,2,'2021-08-09 00:00:00','bad')
,(7,'IPad','Karousell',3,2,'2021-08-09 00:00:00','bad')
,(7,'IPad','Karousell',4,2,'2021-08-09 00:00:00','bad')
,(7,'IPad','Karousell',5,2,'2021-08-09 00:00:00','bad')
,(7,'IPad','Karousell',6,2,'2021-08-09 00:00:00','bad')
,(7,'IPad','Karousell',7,2,'2021-08-09 00:00:00','bad')
,(7,'IPad','Karousell',8,2,'2021-08-09 00:00:00','bad')
,(7,'IPad','Karousell',9,2,'2021-08-09 00:00:00','bad')
,(7,'IPad','Karousell',10,2,'2021-08-09 00:00:00','bad')
,(7,'IPad','Karousell',11,2,'2021-08-09 00:00:00','bad')
,(7,'IPad','Karousell',12,2,'2021-08-09 00:00:00','bad')
,(7,'IPad','Karousell',13,2,'2021-08-09 00:00:00','bad')
,(7,'IPad','Karousell',14,2,'2021-08-09 00:00:00','bad')
,(7,'IPad','Karousell',15,2,'2021-08-09 00:00:00','bad')
,(7,'IPad','Karousell',16,2,'2021-08-09 00:00:00','bad')
,(7,'IPad','Karousell',17,2,'2021-08-09 00:00:00','bad')
,(7,'IPad','Karousell',18,2,'2021-08-09 00:00:00','bad')
,(7,'IPad','Karousell',19,2,'2021-08-09 00:00:00','bad')
,(7,'IPad','Karousell',20,2,'2021-08-09 00:00:00','bad')
,(7,'IPad','Karousell',21,2,'2021-08-09 00:00:00','bad')
,(7,'IPad','Karousell',22,2,'2021-08-09 00:00:00','bad')
,(7,'IPad','Karousell',23,2,'2021-08-09 00:00:00','bad')
,(7,'IPad','Karousell',24,2,'2021-08-09 00:00:00','bad')
,(7,'IPad','Karousell',25,2,'2021-08-09 00:00:00','bad')
,(7,'IPad','Karousell',26,2,'2021-08-09 00:00:00','bad')
,(7,'IPad','Karousell',27,2,'2021-08-09 00:00:00','bad')
,(7,'IPad','Karousell',28,2,'2021-08-09 00:00:00','bad')
,(7,'IPad','Karousell',29,2,'2021-08-09 00:00:00','bad')
,(7,'IPad','Karousell',30,2,'2021-08-09 00:00:00','bad')
,(7,'IPad','Karousell',31,2,'2021-08-09 00:00:00','bad')
,(7,'IPad','Karousell',32,2,'2021-08-09 00:00:00','bad')
,(7,'IPad','Karousell',33,2,'2021-08-09 00:00:00','bad')
,(7,'IPad','Karousell',34,2,'2021-08-09 00:00:00','bad')
,(7,'IPad','Karousell',35,2,'2021-08-09 00:00:00','bad')
,(7,'IPad','Karousell',36,2,'2021-08-09 00:00:00','bad')
,(7,'IPad','Karousell',37,2,'2021-08-09 00:00:00','bad')
,(7,'IPad','Karousell',38,2,'2021-08-09 00:00:00','bad')
,(7,'IPad','Karousell',39,2,'2021-08-09 00:00:00','bad')
,(7,'IPad','Karousell',40,2,'2021-08-09 00:00:00','bad')
,(7,'IPad','Karousell',41,2,'2021-08-09 00:00:00','bad')
,(7,'IPad','Karousell',42,2,'2021-08-09 00:00:00','bad')
,(7,'IPad','Karousell',43,2,'2021-08-09 00:00:00','bad')
,(7,'IPad','Karousell',44,2,'2021-08-09 00:00:00','bad')
,(7,'IPad','Karousell',45,2,'2021-08-09 00:00:00','bad')
,(7,'IPad','Karousell',46,5,'2021-08-09 00:00:00','good')
,(7,'IPad','Karousell',47,5,'2021-08-09 00:00:00','good')
,(7,'IPad','Karousell',48,5,'2021-08-09 00:00:00','good')
,(7,'IPad','Karousell',49,5,'2021-08-09 00:00:00','good')
,(7,'IPad','Karousell',50,5,'2021-08-09 00:00:00','good')
,(7,'IPad','Karousell',51,5,'2021-08-09 00:00:00','good')
,(7,'IPad','Karousell',52,5,'2021-08-09 00:00:00','good')
,(7,'IPad','Karousell',53,5,'2021-08-09 00:00:00','good')
,(7,'IPad','Karousell',54,5,'2021-08-09 00:00:00','good')
,(7,'IPad','Karousell',55,5,'2021-08-09 00:00:00','good')
,(7,'IPad','Karousell',56,5,'2021-08-09 00:00:00','good')
,(7,'IPad','Karousell',57,5,'2021-08-09 00:00:00','good')
,(7,'IPad','Karousell',58,5,'2021-08-09 00:00:00','good')
,(7,'IPad','Karousell',59,5,'2021-08-09 00:00:00','good')
,(7,'IPad','Karousell',60,5,'2021-08-09 00:00:00','good')
,(7,'IPad','Karousell',61,5,'2021-08-09 00:00:00','good')
,(7,'IPad','Karousell',62,5,'2021-08-09 00:00:00','good')
,(7,'IPad','Karousell',63,5,'2021-08-09 00:00:00','good')
,(7,'IPad','Karousell',64,5,'2021-08-09 00:00:00','good')
,(7,'IPad','Karousell',65,5,'2021-08-09 00:00:00','good')
,(7,'IPad','Karousell',66,5,'2021-08-09 00:00:00','good')
,(7,'IPad','Karousell',67,5,'2021-08-09 00:00:00','good')
,(1,'IPhoneX','Hello',13,5,'2021-08-09 00:00:00','good')
,(1,'IPhoneX','Hello',14,5,'2021-08-09 00:00:00','good')
,(1,'IPhoneX','Hello',15,5,'2021-08-09 00:00:00','good')
,(1,'IPhoneX','Hello',16,5,'2021-08-09 00:00:00','good')
,(1,'IPhoneX','Hello',17,5,'2021-08-09 00:00:00','good')
,(1,'IPhoneX','Hello',18,5,'2021-08-09 00:00:00','good')
,(1,'IPhoneX','Hello',19,5,'2021-08-09 00:00:00','good')
,(1,'IPhoneX','Hello',20,5,'2021-08-09 00:00:00','good')
,(1,'IPhoneX','Hello',21,5,'2021-08-09 00:00:00','good')
,(8,'IPhoneX','Hello',3,5,'2021-08-09 00:00:00','good')
,(8,'IPhoneX','Hello',2,5,'2021-08-09 00:00:00','good')
,(8,'IPhoneX','Hello',17,5,'2021-08-09 00:00:00','good')
,(8,'IPhoneX','Hello',4,5,'2021-08-09 00:00:00','good')
,(8,'IPhoneX','Hello',5,5,'2021-08-09 00:00:00','good')
,(8,'IPhoneX','Hello',6,5,'2021-08-09 00:00:00','good')
,(8,'IPhoneX','Hello',7,5,'2021-08-09 00:00:00','good')
,(8,'IPhoneX','Hello',8,5,'2021-08-09 00:00:00','good')
,(8,'IPhoneX','Hello',9,5,'2021-08-09 00:00:00','good')
,(8,'IPhoneX','Hello',10,5,'2021-08-09 00:00:00','good')
,(8,'IPhoneX','Hello',11,5,'2021-08-09 00:00:00','good')
,(8,'IPhoneX','Hello',12,5,'2021-08-09 00:00:00','good')
,(8,'IPhoneX','Hello',13,5,'2021-08-09 00:00:00','good')
,(8,'IPhoneX','Hello',14,5,'2021-08-09 00:00:00','good')
,(8,'IPhoneX','Hello',15,5,'2021-08-09 00:00:00','good')
,(8,'IPhoneX','Hello',16,5,'2021-08-09 00:00:00','good')
,(2,'IPhoneX','Hello',4,5,'2021-08-09 00:00:00','good')
,(2,'IPhoneX','Hello',2,5,'2021-08-09 00:00:00','good')
,(2,'IPhoneX','Hello',3,5,'2021-08-09 00:00:00','good')
,(2,'IPhoneX','Hello',14,5,'2021-08-09 00:00:00','good')
,(2,'IPhoneX','Hello',5,5,'2021-08-09 00:00:00','good')
,(2,'IPhoneX','Karousell',1,5,'2021-08-09 00:00:00','good')
,(2,'IPhoneX','Hello',7,5,'2021-08-09 00:00:00','good')
,(2,'IPhoneX','Hello',8,5,'2021-08-09 00:00:00','good')
,(2,'IPhoneX','Hello',9,5,'2021-08-09 00:00:00','good')
,(2,'IPhoneX','Hello',10,5,'2021-08-09 00:00:00','good')
,(2,'IPhoneX','Hello',11,5,'2021-08-09 00:00:00','good')
,(2,'IPhoneX','Hello',12,5,'2021-08-09 00:00:00','good')
,(2,'IPhoneX','Hello',13,5,'2021-08-09 00:00:00','good')
,(9,'IPhoneX','Hello',7,5,'2021-08-09 00:00:00','good')
,(9,'IPhoneX','Hello',2,5,'2021-08-09 00:00:00','good')
,(9,'IPhoneX','Hello',3,5,'2021-08-09 00:00:00','good')
,(9,'IPhoneX','Hello',4,5,'2021-08-09 00:00:00','good')
,(9,'IPhoneX','Hello',5,5,'2021-08-09 00:00:00','good')
,(9,'IPhoneX','Hello',6,5,'2021-08-09 00:00:00','good')
,(9,'IPhoneX','Karousell',1,5,'2021-08-09 00:00:00','good')
,(9,'IPhoneX','Karousell',2,5,'2021-08-09 00:00:00','good')
,(9,'IPhoneX','Karousell',3,5,'2021-08-09 00:00:00','good')
,(9,'IPhoneX','Karousell',4,5,'2021-08-09 00:00:00','good')
,(9,'IPhoneX','Karousell',5,5,'2021-08-09 00:00:00','good')
,(9,'IPhoneX','Karousell',6,5,'2021-08-09 00:00:00','good')
,(3,'IPhoneX','Karousell',1,5,'2021-08-09 00:00:00','good')
,(3,'IPhoneX','Karousell',7,5,'2021-08-09 00:00:00','good')
,(3,'IPhoneX','Karousell',2,5,'2021-08-09 00:00:00','good')
,(3,'IPhoneX','Karousell',3,5,'2021-08-09 00:00:00','good')
,(3,'IPhoneX','Karousell',4,5,'2021-08-09 00:00:00','good')
,(3,'IPhoneX','Karousell',5,5,'2021-08-09 00:00:00','good')
,(10,'IPhoneX','Karousell',1,5,'2021-08-09 00:00:00','good')
,(10,'IPhoneX','Karousell',2,5,'2021-08-09 00:00:00','good')
,(10,'IPhoneX','Karousell',3,5,'2021-08-09 00:00:00','good')
,(10,'IPhoneX','Karousell',4,5,'2021-08-09 00:00:00','good')
,(10,'IPhoneX','Karousell',5,5,'2021-08-09 00:00:00','good')
,(10,'IPhoneX','Karousell',6,5,'2021-08-09 00:00:00','good')
,(10,'IPhoneX','Karousell',7,5,'2021-08-09 00:00:00','good')
,(10,'IPhoneX','Karousell',8,5,'2021-08-09 00:00:00','good')
,(10,'IPhoneX','Karousell',9,5,'2021-08-09 00:00:00','good')
,(10,'IPhoneX','Karousell',10,5,'2021-08-09 00:00:00','good')
,(10,'IPhoneX','Karousell',11,5,'2021-08-09 00:00:00','good')
,(10,'IPhoneX','Karousell',12,5,'2021-08-09 00:00:00','good')
,(10,'IPhoneX','Karousell',13,5,'2021-08-09 00:00:00','good')
,(10,'IPhoneX','Karousell',14,5,'2021-08-09 00:00:00','good')
,(10,'IPhoneX','Karousell',15,5,'2021-08-09 00:00:00','good')
,(10,'IPhoneX','Karousell',16,5,'2021-08-09 00:00:00','good')
,(10,'IPhoneX','Karousell',17,5,'2021-08-09 00:00:00','good')
,(10,'IPhoneX','Karousell',18,5,'2021-08-09 00:00:00','good')
,(10,'IPhoneX','Karousell',19,5,'2021-08-09 00:00:00','good')
,(10,'IPhoneX','Karousell',20,5,'2021-08-09 00:00:00','good')
,(4,'IPhoneX','Karousell',1,5,'2021-08-09 00:00:00','good')
,(4,'IPhoneX','Karousell',10,5,'2021-08-09 00:00:00','good')
,(4,'IPhoneX','Karousell',2,5,'2021-08-09 00:00:00','good')
,(4,'IPhoneX','Karousell',3,5,'2021-08-09 00:00:00','good')
,(4,'IPhoneX','Karousell',4,5,'2021-08-09 00:00:00','good')
,(4,'IPhoneX','Karousell',5,5,'2021-08-09 00:00:00','good')
,(4,'IPhoneX','Karousell',6,5,'2021-08-09 00:00:00','good')
,(4,'IPhoneX','Karousell',7,5,'2021-08-09 00:00:00','good')
,(4,'IPhoneX','Karousell',8,5,'2021-08-09 00:00:00','good')
,(2,'IPhoneX','Karousell',2,5,'2021-08-09 00:00:00','good')
,(1,'IPhoneX','Karousell',1,5,'2021-08-09 00:00:00','good')
,(2,'IPhoneX','Karousell',3,5,'2021-08-09 00:00:00','good')
,(3,'IPhoneX','Karousell',6,5,'2021-08-09 00:00:00','good')
,(4,'IPhoneX','Karousell',9,5,'2021-08-09 00:00:00','good')
,(5,'IPhoneX','Karousell',1,5,'2021-08-09 00:00:00','good')
,(6,'IPhoneX','Karousell',1,5,'2021-08-09 00:00:00','good')
,(7,'IPhoneX','Karousell',1,5,'2021-08-09 00:00:00','good')
,(8,'IPhoneX','Karousell',1,5,'2021-08-09 00:00:00','good')
,(9,'IPhoneX','Karousell',7,5,'2021-08-09 00:00:00','good')
,(10,'IPhoneX','Karousell',21,5,'2021-08-09 00:00:00','good')
,(1,'IPhoneX','Karousell',2,5,'2021-08-09 00:00:00','good')
,(1,'IPhoneX','Karousell',3,5,'2021-08-09 00:00:00','good')
,(1,'IPhoneX','Karousell',4,5,'2021-08-09 00:00:00','good')
,(1,'IPhoneX','Karousell',5,5,'2021-08-09 00:00:00','good')
,(1,'IPhoneX','Karousell',6,5,'2021-08-09 00:00:00','good')
,(1,'IPhoneX','Karousell',7,5,'2021-08-09 00:00:00','good')
,(1,'IPhoneX','Karousell',8,5,'2021-08-09 00:00:00','good')
,(1,'IPhoneX','Karousell',9,5,'2021-08-09 00:00:00','good')
,(1,'IPhoneX','Karousell',10,5,'2021-08-09 00:00:00','good')
,(1,'IPhoneX','Karousell',11,5,'2021-08-09 00:00:00','good')
,(1,'IPhoneX','Karousell',12,5,'2021-08-09 00:00:00','good')
,(2,'IPhoneX','Karousell',4,5,'2021-08-09 00:00:00','good')
,(2,'IPhoneX','Karousell',5,3,'2021-08-09 00:00:00','meh')
,(2,'IPhoneX','Karousell',6,3,'2021-08-09 00:00:00','meh')
,(2,'IPhoneX','Karousell',7,3,'2021-08-09 00:00:00','meh')
,(2,'IPhoneX','Karousell',8,3,'2021-08-09 00:00:00','meh')
,(2,'IPhoneX','Karousell',9,3,'2021-08-09 00:00:00','meh')
,(2,'IPhoneX','Karousell',10,3,'2021-08-09 00:00:00','meh')
,(2,'IPhoneX','Karousell',11,5,'2021-08-09 00:00:00','good')
,(2,'IPhoneX','Karousell',12,5,'2021-08-09 00:00:00','good')
,(2,'IPhoneX','Karousell',14,5,'2021-08-09 00:00:00','good')
,(1,'GalaxyZFlip','Hello',1,5,'2021-08-09 00:00:00','good')
,(1,'GalaxyZFlip','Hello',2,5,'2021-08-09 00:00:00','good')
,(1,'GalaxyZFlip','Hello',3,5,'2021-08-09 00:00:00','good')
,(1,'GalaxyZFlip','Hello',4,5,'2021-08-09 00:00:00','good')
,(1,'GalaxyZFlip','Hello',5,5,'2021-08-09 00:00:00','good')
,(1,'GalaxyZFlip','Hello',6,5,'2021-08-09 00:00:00','good')
,(1,'GalaxyZFlip','Hello',7,5,'2021-08-09 00:00:00','good')
,(1,'GalaxyZFlip','Hello',8,5,'2021-08-09 00:00:00','good')
,(1,'GalaxyZFlip','Hello',9,5,'2021-08-09 00:00:00','good')
,(1,'GalaxyZFlip','Hello',10,5,'2021-08-09 00:00:00','good')
,(1,'GalaxyZFlip','Hello',11,5,'2021-08-09 00:00:00','good')
,(1,'GalaxyZFlip','Hello',12,5,'2021-08-09 00:00:00','good')
,(1,'GalaxyZFlip','Hello',13,5,'2021-08-09 00:00:00','good')
,(8,'GalaxyZFlip','Hello',14,5,'2021-08-09 00:00:00','good')
,(8,'GalaxyZFlip','Hello',15,5,'2021-08-09 00:00:00','good')
,(8,'GalaxyZFlip','Hello',16,5,'2021-08-09 00:00:00','good')
,(8,'GalaxyZFlip','Hello',17,5,'2021-08-09 00:00:00','good')
,(8,'GalaxyZFlip','Hello',18,5,'2021-08-09 00:00:00','good')
,(8,'GalaxyZFlip','Hello',19,5,'2021-08-09 00:00:00','good')
,(8,'GalaxyZFlip','Hello',20,5,'2021-08-09 00:00:00','good')
,(8,'GalaxyZFlip','Hello',21,5,'2021-08-09 00:00:00','good')
,(8,'GalaxyZFlip','Hello',22,5,'2021-08-09 00:00:00','good')
,(8,'GalaxyZFlip','Hello',23,5,'2021-08-09 00:00:00','good')
,(8,'GalaxyZFlip','Hello',24,5,'2021-08-09 00:00:00','good')
,(8,'GalaxyZFlip','Hello',25,5,'2021-08-09 00:00:00','good')
,(8,'GalaxyZFlip','Hello',26,5,'2021-08-09 00:00:00','good')
,(8,'GalaxyZFlip','Hello',27,5,'2021-08-09 00:00:00','good')
,(8,'GalaxyZFlip','Hello',28,5,'2021-08-09 00:00:00','good')
,(8,'GalaxyZFlip','Hello',29,5,'2021-08-09 00:00:00','good')
,(2,'GalaxyZFlip','Hello',30,5,'2021-08-09 00:00:00','good')
,(2,'GalaxyZFlip','Hello',31,5,'2021-08-09 00:00:00','good')
,(2,'GalaxyZFlip','Hello',32,5,'2021-08-09 00:00:00','good')
,(2,'GalaxyZFlip','Hello',33,5,'2021-08-09 00:00:00','good')
,(2,'GalaxyZFlip','Hello',34,5,'2021-08-09 00:00:00','good')
,(2,'GalaxyZFlip','Hello',35,5,'2021-08-09 00:00:00','good')
,(2,'GalaxyZFlip','Hello',36,5,'2021-08-09 00:00:00','good')
,(2,'GalaxyZFlip','Hello',37,5,'2021-08-09 00:00:00','good')
,(2,'GalaxyZFlip','Hello',38,5,'2021-08-09 00:00:00','good')
,(2,'GalaxyZFlip','Hello',39,5,'2021-08-09 00:00:00','good')
,(2,'GalaxyZFlip','Hello',40,5,'2021-08-09 00:00:00','good')
,(2,'GalaxyZFlip','Hello',41,5,'2021-08-09 00:00:00','good')
,(9,'GalaxyZFlip','Hello',42,5,'2021-08-09 00:00:00','good')
,(9,'GalaxyZFlip','Hello',43,5,'2021-08-09 00:00:00','good')
,(9,'GalaxyZFlip','Hello',44,5,'2021-08-09 00:00:00','good')
,(9,'GalaxyZFlip','Hello',45,5,'2021-08-09 00:00:00','good')
,(9,'GalaxyZFlip','Hello',46,5,'2021-08-09 00:00:00','good')
,(9,'GalaxyZFlip','Hello',47,5,'2021-08-09 00:00:00','good')
,(9,'GalaxyZFlip','Hello',48,5,'2021-08-09 00:00:00','good')
,(9,'GalaxyZFlip','Hello',49,5,'2021-08-09 00:00:00','good')
,(9,'GalaxyZFlip','Hello',50,5,'2021-08-09 00:00:00','good')
,(9,'GalaxyZFlip','Hello',51,5,'2021-08-09 00:00:00','good')
,(9,'GalaxyZFlip','Hello',52,5,'2021-08-09 00:00:00','good')
,(9,'GalaxyZFlip','Hello',53,5,'2021-08-09 00:00:00','good')
,(3,'GalaxyZFlip','Hello',54,5,'2021-08-09 00:00:00','good')
,(3,'GalaxyZFlip','Hello',55,5,'2021-08-09 00:00:00','good')
,(3,'GalaxyZFlip','Hello',56,5,'2021-08-09 00:00:00','good')
,(3,'GalaxyZFlip','Hello',57,5,'2021-08-09 00:00:00','good')
,(3,'GalaxyZFlip','Hello',58,5,'2021-08-09 00:00:00','good')
,(3,'GalaxyZFlip','Hello',59,5,'2021-08-09 00:00:00','good')
,(10,'GalaxyZFlip','Hello',60,5,'2021-08-09 00:00:00','good')
,(10,'GalaxyZFlip','Hello',61,5,'2021-08-09 00:00:00','good')
,(10,'GalaxyZFlip','Hello',62,5,'2021-08-09 00:00:00','good')
,(10,'GalaxyZFlip','Hello',63,5,'2021-08-09 00:00:00','good')
,(10,'GalaxyZFlip','Hello',64,5,'2021-08-09 00:00:00','good')
,(10,'GalaxyZFlip','Hello',65,5,'2021-08-09 00:00:00','good')
,(10,'GalaxyZFlip','Hello',66,5,'2021-08-09 00:00:00','good')
,(10,'GalaxyZFlip','Hello',67,5,'2021-08-09 00:00:00','good')
,(10,'GalaxyZFlip','Hello',68,5,'2021-08-09 00:00:00','good')
,(10,'GalaxyZFlip','Hello',69,5,'2021-08-09 00:00:00','good')
,(10,'GalaxyZFlip','Hello',70,5,'2021-08-09 00:00:00','good')
,(10,'GalaxyZFlip','Hello',71,5,'2021-08-09 00:00:00','good')
,(10,'GalaxyZFlip','Hello',72,5,'2021-08-09 00:00:00','good')
,(10,'GalaxyZFlip','Hello',73,5,'2021-08-09 00:00:00','good')
,(10,'GalaxyZFlip','Hello',74,5,'2021-08-09 00:00:00','good')
,(10,'GalaxyZFlip','Hello',75,5,'2021-08-09 00:00:00','good')
,(10,'GalaxyZFlip','Hello',76,5,'2021-08-09 00:00:00','good')
,(10,'GalaxyZFlip','Hello',77,5,'2021-08-09 00:00:00','good')
,(10,'GalaxyZFlip','Hello',78,5,'2021-08-09 00:00:00','good')
,(10,'GalaxyZFlip','Hello',79,5,'2021-08-09 00:00:00','good')
,(4,'GalaxyZFlip','Hello',80,5,'2021-08-09 00:00:00','good')
,(4,'GalaxyZFlip','Hello',81,5,'2021-08-09 00:00:00','good')
,(4,'GalaxyZFlip','Hello',82,5,'2021-08-09 00:00:00','good')
,(4,'GalaxyZFlip','Hello',83,5,'2021-08-09 00:00:00','good')
,(4,'GalaxyZFlip','Hello',84,5,'2021-08-09 00:00:00','good')
,(4,'GalaxyZFlip','Hello',85,5,'2021-08-09 00:00:00','good')
,(4,'GalaxyZFlip','Hello',86,5,'2021-08-09 00:00:00','good')
,(4,'GalaxyZFlip','Hello',87,5,'2021-08-09 00:00:00','good')
,(4,'GalaxyZFlip','Hello',88,5,'2021-08-09 00:00:00','good')
,(4,'GalaxyZFlip','Hello',89,5,'2021-08-09 00:00:00','good')
,(4,'GalaxyZFlip','Hello',90,5,'2021-08-09 00:00:00','good')
,(4,'GalaxyZFlip','Hello',91,5,'2021-08-09 00:00:00','good')
,(4,'GalaxyZFlip','Hello',92,5,'2021-08-09 00:00:00','good')
,(4,'GalaxyZFlip','Hello',93,5,'2021-08-09 00:00:00','good')
,(4,'GalaxyZFlip','Hello',94,5,'2021-08-09 00:00:00','good')
,(4,'GalaxyZFlip','Hello',95,5,'2021-08-09 00:00:00','good')
,(4,'GalaxyZFlip','Hello',96,5,'2021-08-09 00:00:00','good')
,(4,'GalaxyZFlip','Hello',97,5,'2021-08-09 00:00:00','good')
,(4,'GalaxyZFlip','Hello',98,5,'2021-08-09 00:00:00','good')
,(4,'GalaxyZFlip','Hello',99,5,'2021-08-09 00:00:00','good')
,(4,'GalaxyZFlip','Hello',100,5,'2021-08-09 00:00:00','good')
,(4,'GalaxyZFlip','Hello',101,2,'2021-08-09 00:00:00','bad')
,(4,'GalaxyZFlip','Hello',102,2,'2021-08-09 00:00:00','bad');


INSERT INTO ORDERS(Date_time,Shipping_Address,UserID) VALUES
 ('2022-03-01 12:30:00','2 Battery Road',1)
,('2022-03-02 12:30:00','2 Battery Road',1)
,('2022-03-03 12:30:00','2 Battery Road',1)
,('2022-03-04 12:30:00','2 Battery Road',1)
,('2022-03-05 12:30:00','2 Battery Road',1)
,('2022-03-06 12:30:00','2 Battery Road',1)
,('2022-03-07 12:30:00','2 Battery Road',1)
,('2022-03-08 12:30:00','58 Duchess Avenue',2)
,('2022-03-09 12:30:00','58 Duchess Avenue',2)
,('2022-03-10 12:30:00','58 Duchess Avenue',2)
,('2022-03-11 12:30:00','58 Duchess Avenue',2)
,('2022-03-12 12:30:00','58 Duchess Avenue',2)
,('2022-03-13 12:30:00','279 Balestier Road',2)
,('2022-03-14 12:30:00','279 Balestier Road',2)
,('2022-03-15 12:30:00','279 Balestier Road',2)
,('2022-03-16 12:30:00','279 Balestier Road',2)
,('2022-03-17 12:30:00','6 Cairnhill Rise',2)
,('2022-03-18 12:30:00','279 Balestier Road',2)
,('2022-03-19 12:30:00','6 Cairnhill Rise',3)
,('2022-03-20 12:30:00','279 Balestier Road',3)
,('2022-03-21 12:30:00','6 Cairnhill Rise',3)
,('2022-03-22 12:30:00','Block 202 Bedok North Street 1',3)
,('2022-03-23 12:30:00','6 Cairnhill Rise',4)
,('2022-03-24 12:30:00','Block 202 Bedok North Street 1',4)
,('2022-03-25 12:30:00','252 North Bridge Rd',4)
,('2022-03-26 12:30:00','Block 202 Bedok North Street 1',4)
,('2022-03-27 12:30:00','252 North Bridge Rd',4)
,('2022-03-28 12:30:00','Block 202 Bedok North Street 1',4)
,('2022-03-29 12:30:00','252 North Bridge Rd',4)
,('2022-03-30 12:30:00','Block 202 Bedok North Street 1',5)
,('2022-03-31 12:30:00','252 North Bridge Rd',5)
,('2022-03-31 12:30:00','Block 202 Bedok North Street 1',6)
,('2022-03-31 12:30:00','252 North Bridge Rd',6)
,('2022-03-31 12:30:00','58 Duchess Avenue',6)
,('2022-03-31 12:30:00','58 Duchess Avenue',6)
,('2022-03-31 12:30:00','58 Duchess Avenue',6)
,('2022-03-01 12:30:00','58 Duchess Avenue',6)
,('2022-03-02 12:30:00','58 Duchess Avenue',7)
,('2022-03-03 12:30:00','58 Duchess Avenue',7)
,('2022-03-04 12:30:00','58 Duchess Avenue',7)
,('2022-03-05 12:30:00','58 Duchess Avenue',7)
,('2022-03-06 12:30:00','58 Duchess Avenue',7)
,('2022-03-07 12:30:00','58 Duchess Avenue',7)
,('2022-03-08 12:30:00','58 Duchess Avenue',7)
,('2022-03-09 12:30:00','58 Duchess Avenue',7)
,('2022-03-10 12:30:00','58 Duchess Avenue',7)
,('2022-03-11 12:30:00','58 Duchess Avenue',7)
,('2022-03-12 12:30:00','58 Duchess Avenue',7)
,('2022-03-13 12:30:00','58 Duchess Avenue',7)
,('2022-03-14 12:30:00','58 Duchess Avenue',7)
,('2022-03-15 12:30:00','58 Duchess Avenue',7)
,('2022-03-16 12:30:00','58 Duchess Avenue',7)
,('2022-03-17 12:30:00','58 Duchess Avenue',7)
,('2022-03-18 12:30:00','58 Duchess Avenue',7)
,('2022-03-19 12:30:00','58 Duchess Avenue',7)
,('2022-03-20 12:30:00','6 Cairnhill Rise',7)
,('2022-03-21 12:30:00','6 Cairnhill Rise',7)
,('2022-03-22 12:30:00','6 Cairnhill Rise',8)
,('2022-03-23 12:30:00','6 Cairnhill Rise',8)
,('2022-03-24 12:30:00','6 Cairnhill Rise',8)
,('2022-03-25 12:30:00','6 Cairnhill Rise',8)
,('2022-03-26 12:30:00','6 Cairnhill Rise',9)
,('2022-03-27 12:30:00','6 Cairnhill Rise',9)
,('2022-03-28 12:30:00','6 Cairnhill Rise',9)
,('2022-03-29 12:30:00','6 Cairnhill Rise',9)
,('2022-03-30 12:30:00','6 Cairnhill Rise',9)
,('2022-03-31 12:30:00','6 Cairnhill Rise',9)
,('2022-03-01 12:30:00','6 Cairnhill Rise',10)
,('2022-03-02 12:30:00','6 Cairnhill Rise',10)
,('2022-03-03 12:30:00','6 Cairnhill Rise',10)
,('2022-03-04 12:30:00','6 Cairnhill Rise',10)
,('2022-03-05 12:30:00','6 Cairnhill Rise',10)
,('2022-03-06 12:30:00','6 Cairnhill Rise',10)
,('2022-03-07 12:30:00','6 Cairnhill Rise',10)
,('2022-03-08 12:30:00','6 Cairnhill Rise',10)
,('2022-03-09 12:30:00','252 North Bridge Rd',10)
,('2022-03-10 12:30:00','252 North Bridge Rd',10)
,('2022-03-11 12:30:00','252 North Bridge Rd',10)
,('2022-03-12 12:30:00','252 North Bridge Rd',10)
,('2022-03-13 12:30:00','252 North Bridge Rd',10)
,('2022-03-14 12:30:00','252 North Bridge Rd',10)
,('2022-03-15 12:30:00','252 North Bridge Rd',1)
,('2022-03-16 12:30:00','252 North Bridge Rd',1)
,('2022-03-17 12:30:00','252 North Bridge Rd',1)
,('2022-03-18 12:30:00','252 North Bridge Rd',1)
,('2022-03-19 12:30:00','252 North Bridge Rd',1)
,('2022-03-20 12:30:00','333 Orchard Rd',1)
,('2022-03-21 12:30:00','333 Orchard Rd',1)
,('2022-03-22 12:30:00','333 Orchard Rd',1)
,('2022-03-23 12:30:00','333 Orchard Rd',1)
,('2022-03-24 12:30:00','333 Orchard Rd',2)
,('2022-03-25 12:30:00','333 Orchard Rd',2)
,('2022-03-26 12:30:00','333 Orchard Rd',2)
,('2022-03-27 12:30:00','333 Orchard Rd',2)
,('2022-03-28 12:30:00','333 Orchard Rd',3)
,('2022-03-29 12:30:00','333 Orchard Rd',3)
,('2022-03-30 12:30:00','333 Orchard Rd',3)
,('2022-03-31 12:30:00','333 Orchard Rd',3)
,('2022-03-01 12:30:00','333 Orchard Rd',4)
,('2022-03-02 12:30:00','333 Orchard Rd',4)
,('2022-03-03 12:30:00','333 Orchard Rd',4)
,('2022-03-04 12:30:00','333 Orchard Rd',4)
,('2022-03-05 12:30:00','333 Orchard Rd',4)
,('2022-03-06 12:30:00','333 Orchard Rd',4)
,('2022-03-07 12:30:00','333 Orchard Rd',4)
,('2022-03-08 12:30:00','53A Amoy Street',4)
,('2022-03-09 12:30:00','53A Amoy Street',4)
,('2022-03-10 12:30:00','53A Amoy Street',4)
